2026-03-31 16:45:03 - Modified file: \\clu082fs\MoveIT-Sync\SRV504GMC\SRV650FTP\uulive\prod\31.03.2026 - Lancashire Price increase letters - 32 items large print duplex.docx
2026-03-31 16:45:03 - Modified file: \\clu082fs\MoveIT-Sync\SRV504GMC\SRV650FTP\uulive\prod\31.03.2026 - Lancashire Price increase letters - 32 items large print duplex.docx
2026-03-31 16:45:03 - Modified file: \\clu082fs\MoveIT-Sync\SRV504GMC\SRV650FTP\uulive\prod\31.03.2026 - Lancashire Price increase letters - 32 items large print duplex.docx
2026-03-31 16:45:03 - Modified file: \\clu082fs\MoveIT-Sync\SRV504GMC\SRV650FTP\uulive\prod\31.03.2026 - Lancashire Price increase letters 1 - 1000 items duplex.docx
2026-03-31 16:45:03 - Modified file: \\clu082fs\MoveIT-Sync\SRV504GMC\SRV650FTP\uulive\prod\31.03.2026 - Lancashire Price increase letters 1 - 1000 items duplex.docx
2026-03-31 16:45:03 - Modified file: \\clu082fs\MoveIT-Sync\SRV504GMC\SRV650FTP\uulive\prod\31.03.2026 - Lancashire Price increase letters 1 - 1000 items duplex.docx
2026-03-31 16:45:03 - Modified file: \\clu082fs\MoveIT-Sync\SRV504GMC\SRV650FTP\uulive\prod\31.03.2026 - Lancashire Price increase letters 2 - 1000 items duplex.docx
2026-03-31 16:45:03 - Modified file: \\clu082fs\MoveIT-Sync\SRV504GMC\SRV650FTP\uulive\prod\31.03.2026 - Lancashire Price increase letters 2 - 1000 items duplex.docx
2026-03-31 16:45:03 - Modified file: \\clu082fs\MoveIT-Sync\SRV504GMC\SRV650FTP\uulive\prod\31.03.2026 - Lancashire Price increase letters 2 - 1000 items duplex.docx
2026-03-31 16:45:03 - Modified file: \\clu082fs\MoveIT-Sync\SRV504GMC\SRV650FTP\uulive\prod\31.03.2026 - Lancashire Price increase letters 3 - 1000 items duplex.docx
2026-03-31 16:45:03 - Modified file: \\clu082fs\MoveIT-Sync\SRV504GMC\SRV650FTP\uulive\prod\31.03.2026 - Lancashire Price increase letters 3 - 1000 items duplex.docx
2026-03-31 16:45:03 - Modified file: \\clu082fs\MoveIT-Sync\SRV504GMC\SRV650FTP\uulive\prod\31.03.2026 - Lancashire Price increase letters 3 - 1000 items duplex.docx
2026-03-31 16:45:04 - Modified file: \\clu082fs\MoveIT-Sync\SRV504GMC\SRV650FTP\uulive\prod\31.03.2026 - Lancashire Price increase letters 4 - 1392 items duplex.docx
2026-03-31 16:45:04 - Modified file: \\clu082fs\MoveIT-Sync\SRV504GMC\SRV650FTP\uulive\prod\31.03.2026 - Lancashire Price increase letters 4 - 1392 items duplex.docx
2026-03-31 16:45:04 - Modified file: \\clu082fs\MoveIT-Sync\SRV504GMC\SRV650FTP\uulive\prod\31.03.2026 - Manchester Price increase letters - 28 Large print items duplex.docx
2026-03-31 16:45:04 - Modified file: \\clu082fs\MoveIT-Sync\SRV504GMC\SRV650FTP\uulive\prod\31.03.2026 - Manchester Price increase letters - 28 Large print items duplex.docx
2026-03-31 16:45:04 - Modified file: \\clu082fs\MoveIT-Sync\SRV504GMC\SRV650FTP\uulive\prod\31.03.2026 - Manchester Price increase letters - 28 Large print items duplex.docx
2026-03-31 16:45:04 - Modified file: \\clu082fs\MoveIT-Sync\SRV504GMC\SRV650FTP\uulive\prod\31.03.2026 - Manchester Price increase letters 1 - 1000 items duplex.docx
2026-03-31 16:45:04 - Modified file: \\clu082fs\MoveIT-Sync\SRV504GMC\SRV650FTP\uulive\prod\31.03.2026 - Manchester Price increase letters 1 - 1000 items duplex.docx
2026-03-31 16:45:04 - Modified file: \\clu082fs\MoveIT-Sync\SRV504GMC\SRV650FTP\uulive\prod\31.03.2026 - Manchester Price increase letters 2 - 1000 items duplex.docx
2026-03-31 16:45:04 - Modified file: \\clu082fs\MoveIT-Sync\SRV504GMC\SRV650FTP\uulive\prod\31.03.2026 - Manchester Price increase letters 2 - 1000 items duplex.docx
2026-03-31 16:45:04 - Modified file: \\clu082fs\MoveIT-Sync\SRV504GMC\SRV650FTP\uulive\prod\31.03.2026 - Manchester Price increase letters 2 - 1000 items duplex.docx
2026-03-31 16:45:04 - Modified file: \\clu082fs\MoveIT-Sync\SRV504GMC\SRV650FTP\uulive\prod\31.03.2026 - Manchester Price increase letters 3 - 1000 items duplex.docx
2026-03-31 16:45:04 - Modified file: \\clu082fs\MoveIT-Sync\SRV504GMC\SRV650FTP\uulive\prod\31.03.2026 - Manchester Price increase letters 3 - 1000 items duplex.docx
2026-03-31 16:45:04 - Modified file: \\clu082fs\MoveIT-Sync\SRV504GMC\SRV650FTP\uulive\prod\31.03.2026 - Manchester Price increase letters 3 - 1000 items duplex.docx
2026-03-31 16:45:04 - Modified file: \\clu082fs\MoveIT-Sync\SRV504GMC\SRV650FTP\uulive\prod\31.03.2026 - Manchester Price increase letters 4 - 1445 items duplex.docx
2026-03-31 16:45:04 - Modified file: \\clu082fs\MoveIT-Sync\SRV504GMC\SRV650FTP\uulive\prod\31.03.2026 - Manchester Price increase letters 4 - 1445 items duplex.docx
2026-03-31 16:45:04 - Modified file: \\clu082fs\MoveIT-Sync\SRV504GMC\SRV650FTP\uulive\prod\31.03.2026 - Manchester Price increase letters 4 - 1445 items duplex.docx
2026-03-31 16:45:04 - Modified file: \\clu082fs\MoveIT-Sync\SRV504GMC\SRV650FTP\uulive\prod\31.03.2026 - Merseyside Price increase letters - 1 light blue items duplex.docx
2026-03-31 16:45:04 - Modified file: \\clu082fs\MoveIT-Sync\SRV504GMC\SRV650FTP\uulive\prod\31.03.2026 - Merseyside Price increase letters - 1 light blue items duplex.docx
2026-03-31 16:45:04 - Modified file: \\clu082fs\MoveIT-Sync\SRV504GMC\SRV650FTP\uulive\prod\31.03.2026 - Merseyside Price increase letters - 1 light blue items duplex.docx
2026-03-31 16:45:04 - Modified file: \\clu082fs\MoveIT-Sync\SRV504GMC\SRV650FTP\uulive\prod\31.03.2026 - Merseyside Price increase letters - 37 items large print required duplex.docx
2026-03-31 16:45:04 - Modified file: \\clu082fs\MoveIT-Sync\SRV504GMC\SRV650FTP\uulive\prod\31.03.2026 - Merseyside Price increase letters - 37 items large print required duplex.docx
2026-03-31 16:45:04 - Modified file: \\clu082fs\MoveIT-Sync\SRV504GMC\SRV650FTP\uulive\prod\31.03.2026 - Merseyside Price increase letters - 37 items large print required duplex.docx
2026-03-31 16:45:04 - Modified file: \\clu082fs\MoveIT-Sync\SRV504GMC\SRV650FTP\uulive\prod\31.03.2026 - Merseyside Price increase letters 1 - 1000 items duplex.docx
2026-03-31 16:45:04 - Modified file: \\clu082fs\MoveIT-Sync\SRV504GMC\SRV650FTP\uulive\prod\31.03.2026 - Merseyside Price increase letters 1 - 1000 items duplex.docx
2026-03-31 16:45:04 - Modified file: \\clu082fs\MoveIT-Sync\SRV504GMC\SRV650FTP\uulive\prod\31.03.2026 - Merseyside Price increase letters 1 - 1000 items duplex.docx
2026-03-31 16:45:04 - Modified file: \\clu082fs\MoveIT-Sync\SRV504GMC\SRV650FTP\uulive\prod\31.03.2026 - Merseyside Price increase letters 2 - 1000 items duplex.docx
2026-03-31 16:45:04 - Modified file: \\clu082fs\MoveIT-Sync\SRV504GMC\SRV650FTP\uulive\prod\31.03.2026 - Merseyside Price increase letters 2 - 1000 items duplex.docx
2026-03-31 16:45:04 - Modified file: \\clu082fs\MoveIT-Sync\SRV504GMC\SRV650FTP\uulive\prod\31.03.2026 - Merseyside Price increase letters 2 - 1000 items duplex.docx
2026-03-31 16:45:04 - Modified file: \\clu082fs\MoveIT-Sync\SRV504GMC\SRV650FTP\uulive\prod\31.03.2026 - Merseyside Price increase letters 3 - 1000 items duplex.docx
2026-03-31 16:45:04 - Modified file: \\clu082fs\MoveIT-Sync\SRV504GMC\SRV650FTP\uulive\prod\31.03.2026 - Merseyside Price increase letters 3 - 1000 items duplex.docx
2026-03-31 16:45:05 - Modified file: \\clu082fs\MoveIT-Sync\SRV504GMC\SRV650FTP\uulive\prod\31.03.2026 - Merseyside Price increase letters 3 - 1000 items duplex.docx
2026-03-31 16:45:05 - Modified file: \\clu082fs\MoveIT-Sync\SRV504GMC\SRV650FTP\uulive\prod\31.03.2026 - Merseyside Price increase letters 4 - 1000 items duplex.docx
2026-03-31 16:45:05 - Modified file: \\clu082fs\MoveIT-Sync\SRV504GMC\SRV650FTP\uulive\prod\31.03.2026 - Merseyside Price increase letters 4 - 1000 items duplex.docx
2026-03-31 16:45:05 - Modified file: \\clu082fs\MoveIT-Sync\SRV504GMC\SRV650FTP\uulive\prod\31.03.2026 - Merseyside Price increase letters 4 - 1000 items duplex.docx
2026-03-31 16:45:05 - Modified file: \\clu082fs\MoveIT-Sync\SRV504GMC\SRV650FTP\uulive\prod\31.03.2026 - Merseyside Price increase letters 5 - 1254 items duplex.docx
2026-03-31 16:45:05 - Modified file: \\clu082fs\MoveIT-Sync\SRV504GMC\SRV650FTP\uulive\prod\31.03.2026 - Merseyside Price increase letters 5 - 1254 items duplex.docx
2026-03-31 16:45:05 - Modified file: \\clu082fs\MoveIT-Sync\SRV504GMC\SRV650FTP\uulive\prod\31.03.2026 - Merseyside Price increase letters 5 - 1254 items duplex.docx
2026-03-31 16:45:11 - Modified file: \\clu082fs\MoveIT-Sync\SRV504GMC\SRV650FTP\uulive\prod\31.03.2026 - Lancashire Price increase letters - 32 items large print duplex.docx
2026-03-31 16:45:11 - Modified file: \\clu082fs\MoveIT-Sync\SRV504GMC\SRV650FTP\uulive\prod\31.03.2026 - Lancashire Price increase letters 1 - 1000 items duplex.docx
2026-03-31 16:45:11 - Modified file: \\clu082fs\MoveIT-Sync\SRV504GMC\SRV650FTP\uulive\prod\31.03.2026 - Lancashire Price increase letters 2 - 1000 items duplex.docx
2026-03-31 16:45:11 - Modified file: \\clu082fs\MoveIT-Sync\SRV504GMC\SRV650FTP\uulive\prod\31.03.2026 - Lancashire Price increase letters 3 - 1000 items duplex.docx
2026-03-31 16:45:11 - Modified file: \\clu082fs\MoveIT-Sync\SRV504GMC\SRV650FTP\uulive\prod\31.03.2026 - Lancashire Price increase letters 4 - 1392 items duplex.docx
2026-03-31 16:45:11 - Modified file: \\clu082fs\MoveIT-Sync\SRV504GMC\SRV650FTP\uulive\prod\31.03.2026 - Manchester Price increase letters - 28 Large print items duplex.docx
2026-03-31 16:45:11 - Deleted file: \\clu082fs\MoveIT-Sync\SRV504GMC\SRV650FTP\uulive\prod\31.03.2026 - Lancashire Price increase letters - 32 items large print duplex.docx
2026-03-31 16:45:11 - Deleted file: \\clu082fs\MoveIT-Sync\SRV504GMC\SRV650FTP\uulive\prod\31.03.2026 - Lancashire Price increase letters 1 - 1000 items duplex.docx
2026-03-31 16:45:11 - Deleted file: \\clu082fs\MoveIT-Sync\SRV504GMC\SRV650FTP\uulive\prod\31.03.2026 - Lancashire Price increase letters 2 - 1000 items duplex.docx
2026-03-31 16:45:11 - Modified file: \\clu082fs\MoveIT-Sync\SRV504GMC\SRV650FTP\uulive\prod\31.03.2026 - Manchester Price increase letters 3 - 1000 items duplex.docx
2026-03-31 16:45:11 - Modified file: \\clu082fs\MoveIT-Sync\SRV504GMC\SRV650FTP\uulive\prod\31.03.2026 - Manchester Price increase letters 2 - 1000 items duplex.docx
2026-03-31 16:45:11 - Modified file: \\clu082fs\MoveIT-Sync\SRV504GMC\SRV650FTP\uulive\prod\31.03.2026 - Merseyside Price increase letters 1 - 1000 items duplex.docx
2026-03-31 16:45:11 - Modified file: \\clu082fs\MoveIT-Sync\SRV504GMC\SRV650FTP\uulive\prod\31.03.2026 - Manchester Price increase letters 1 - 1000 items duplex.docx
2026-03-31 16:45:11 - Modified file: \\clu082fs\MoveIT-Sync\SRV504GMC\SRV650FTP\uulive\prod\31.03.2026 - Merseyside Price increase letters 4 - 1000 items duplex.docx
2026-03-31 16:45:11 - Modified file: \\clu082fs\MoveIT-Sync\SRV504GMC\SRV650FTP\uulive\prod\31.03.2026 - Merseyside Price increase letters - 1 light blue items duplex.docx
2026-03-31 16:45:11 - Modified file: \\clu082fs\MoveIT-Sync\SRV504GMC\SRV650FTP\uulive\prod\31.03.2026 - Manchester Price increase letters 4 - 1445 items duplex.docx
2026-03-31 16:45:11 - Modified file: \\clu082fs\MoveIT-Sync\SRV504GMC\SRV650FTP\uulive\prod\31.03.2026 - Merseyside Price increase letters 5 - 1254 items duplex.docx
2026-03-31 16:45:11 - Modified file: \\clu082fs\MoveIT-Sync\SRV504GMC\SRV650FTP\uulive\prod\31.03.2026 - Merseyside Price increase letters 3 - 1000 items duplex.docx
2026-03-31 16:45:11 - Modified file: \\clu082fs\MoveIT-Sync\SRV504GMC\SRV650FTP\uulive\prod\31.03.2026 - Merseyside Price increase letters - 37 items large print required duplex.docx
2026-03-31 16:45:11 - Modified file: \\clu082fs\MoveIT-Sync\SRV504GMC\SRV650FTP\uulive\prod\31.03.2026 - Merseyside Price increase letters 2 - 1000 items duplex.docx
2026-03-31 16:45:11 - Deleted file: \\clu082fs\MoveIT-Sync\SRV504GMC\SRV650FTP\uulive\prod\31.03.2026 - Lancashire Price increase letters 3 - 1000 items duplex.docx
2026-03-31 16:45:12 - Deleted file: \\clu082fs\MoveIT-Sync\SRV504GMC\SRV650FTP\uulive\prod\31.03.2026 - Lancashire Price increase letters 4 - 1392 items duplex.docx
2026-03-31 16:45:12 - Deleted file: \\clu082fs\MoveIT-Sync\SRV504GMC\SRV650FTP\uulive\prod\31.03.2026 - Manchester Price increase letters - 28 Large print items duplex.docx
2026-03-31 16:45:12 - Deleted file: \\clu082fs\MoveIT-Sync\SRV504GMC\SRV650FTP\uulive\prod\31.03.2026 - Manchester Price increase letters 2 - 1000 items duplex.docx
2026-03-31 16:45:12 - Deleted file: \\clu082fs\MoveIT-Sync\SRV504GMC\SRV650FTP\uulive\prod\31.03.2026 - Manchester Price increase letters 3 - 1000 items duplex.docx
2026-03-31 16:45:12 - Deleted file: \\clu082fs\MoveIT-Sync\SRV504GMC\SRV650FTP\uulive\prod\31.03.2026 - Merseyside Price increase letters 2 - 1000 items duplex.docx
2026-03-31 16:45:12 - Deleted file: \\clu082fs\MoveIT-Sync\SRV504GMC\SRV650FTP\uulive\prod\31.03.2026 - Merseyside Price increase letters - 37 items large print required duplex.docx
2026-03-31 16:45:12 - Deleted file: \\clu082fs\MoveIT-Sync\SRV504GMC\SRV650FTP\uulive\prod\31.03.2026 - Merseyside Price increase letters 1 - 1000 items duplex.docx
2026-03-31 16:45:12 - Deleted file: \\clu082fs\MoveIT-Sync\SRV504GMC\SRV650FTP\uulive\prod\31.03.2026 - Merseyside Price increase letters - 1 light blue items duplex.docx
2026-03-31 16:45:12 - Deleted file: \\clu082fs\MoveIT-Sync\SRV504GMC\SRV650FTP\uulive\prod\31.03.2026 - Merseyside Price increase letters 4 - 1000 items duplex.docx
2026-03-31 16:45:12 - Deleted file: \\clu082fs\MoveIT-Sync\SRV504GMC\SRV650FTP\uulive\prod\31.03.2026 - Merseyside Price increase letters 3 - 1000 items duplex.docx
2026-03-31 16:45:12 - Deleted file: \\clu082fs\MoveIT-Sync\SRV504GMC\SRV650FTP\uulive\prod\31.03.2026 - Manchester Price increase letters 1 - 1000 items duplex.docx
2026-03-31 16:45:12 - Deleted file: \\clu082fs\MoveIT-Sync\SRV504GMC\SRV650FTP\uulive\prod\31.03.2026 - Merseyside Price increase letters 5 - 1254 items duplex.docx
2026-03-31 16:45:12 - Deleted file: \\clu082fs\MoveIT-Sync\SRV504GMC\SRV650FTP\uulive\prod\31.03.2026 - Manchester Price increase letters 4 - 1445 items duplex.docx
2026-03-31 17:10:06 - Modified file: \\clu082fs\MoveIT-Sync\SRV504GMC\SRV650FTP\uulive\prod\31.03.2026 - Lancashire Price increase letters 1 - 1000 items duplex.docx
2026-03-31 17:10:06 - Modified file: \\clu082fs\MoveIT-Sync\SRV504GMC\SRV650FTP\uulive\prod\31.03.2026 - Lancashire Price increase letters 1 - 1000 items duplex.docx
2026-03-31 17:10:06 - Modified file: \\clu082fs\MoveIT-Sync\SRV504GMC\SRV650FTP\uulive\prod\31.03.2026 - Lancashire Price increase letters 1 - 1000 items duplex.docx
2026-03-31 17:10:06 - Modified file: \\clu082fs\MoveIT-Sync\SRV504GMC\SRV650FTP\uulive\prod\31.03.2026 - Merseyside Price increase letters 5 - 1254 items duplex.docx
2026-03-31 17:10:07 - Modified file: \\clu082fs\MoveIT-Sync\SRV504GMC\SRV650FTP\uulive\prod\31.03.2026 - Merseyside Price increase letters 5 - 1254 items duplex.docx
2026-03-31 17:10:07 - Modified file: \\clu082fs\MoveIT-Sync\SRV504GMC\SRV650FTP\uulive\prod\31.03.2026 - Merseyside Price increase letters 5 - 1254 items duplex.docx
2026-03-31 17:10:07 - Modified file: \\clu082fs\MoveIT-Sync\SRV504GMC\SRV650FTP\uulive\prod\31.03.2026 - Merseyside Price increase letters 4 - 1000 items duplex.docx
2026-03-31 17:10:07 - Modified file: \\clu082fs\MoveIT-Sync\SRV504GMC\SRV650FTP\uulive\prod\31.03.2026 - Merseyside Price increase letters 4 - 1000 items duplex.docx
2026-03-31 17:10:07 - Modified file: \\clu082fs\MoveIT-Sync\SRV504GMC\SRV650FTP\uulive\prod\31.03.2026 - Merseyside Price increase letters 4 - 1000 items duplex.docx
2026-03-31 17:10:07 - Modified file: \\clu082fs\MoveIT-Sync\SRV504GMC\SRV650FTP\uulive\prod\31.03.2026 - Merseyside Price increase letters 3 - 1000 items duplex.docx
2026-03-31 17:10:07 - Modified file: \\clu082fs\MoveIT-Sync\SRV504GMC\SRV650FTP\uulive\prod\31.03.2026 - Merseyside Price increase letters 3 - 1000 items duplex.docx
2026-03-31 17:10:07 - Modified file: \\clu082fs\MoveIT-Sync\SRV504GMC\SRV650FTP\uulive\prod\31.03.2026 - Merseyside Price increase letters 3 - 1000 items duplex.docx
2026-03-31 17:10:07 - Modified file: \\clu082fs\MoveIT-Sync\SRV504GMC\SRV650FTP\uulive\prod\31.03.2026 - Merseyside Price increase letters 2 - 1000 items duplex.docx
2026-03-31 17:10:07 - Modified file: \\clu082fs\MoveIT-Sync\SRV504GMC\SRV650FTP\uulive\prod\31.03.2026 - Merseyside Price increase letters 2 - 1000 items duplex.docx
2026-03-31 17:10:07 - Modified file: \\clu082fs\MoveIT-Sync\SRV504GMC\SRV650FTP\uulive\prod\31.03.2026 - Merseyside Price increase letters 2 - 1000 items duplex.docx
2026-03-31 17:10:07 - Modified file: \\clu082fs\MoveIT-Sync\SRV504GMC\SRV650FTP\uulive\prod\31.03.2026 - Manchester Price increase letters 4 - 1445 items duplex.docx
2026-03-31 17:10:07 - Modified file: \\clu082fs\MoveIT-Sync\SRV504GMC\SRV650FTP\uulive\prod\31.03.2026 - Manchester Price increase letters 4 - 1445 items duplex.docx
2026-03-31 17:10:07 - Modified file: \\clu082fs\MoveIT-Sync\SRV504GMC\SRV650FTP\uulive\prod\31.03.2026 - Manchester Price increase letters 4 - 1445 items duplex.docx
2026-03-31 17:10:08 - Modified file: \\clu082fs\MoveIT-Sync\SRV504GMC\SRV650FTP\uulive\prod\31.03.2026 - Manchester Price increase letters 3 - 1000 items duplex.docx
2026-03-31 17:10:08 - Modified file: \\clu082fs\MoveIT-Sync\SRV504GMC\SRV650FTP\uulive\prod\31.03.2026 - Manchester Price increase letters 3 - 1000 items duplex.docx
2026-03-31 17:10:08 - Modified file: \\clu082fs\MoveIT-Sync\SRV504GMC\SRV650FTP\uulive\prod\31.03.2026 - Manchester Price increase letters 3 - 1000 items duplex.docx
2026-03-31 17:10:08 - Modified file: \\clu082fs\MoveIT-Sync\SRV504GMC\SRV650FTP\uulive\prod\31.03.2026 - Manchester Price increase letters 2 - 1000 items duplex.docx
2026-03-31 17:10:08 - Modified file: \\clu082fs\MoveIT-Sync\SRV504GMC\SRV650FTP\uulive\prod\31.03.2026 - Manchester Price increase letters 2 - 1000 items duplex.docx
2026-03-31 17:10:08 - Modified file: \\clu082fs\MoveIT-Sync\SRV504GMC\SRV650FTP\uulive\prod\31.03.2026 - Manchester Price increase letters 2 - 1000 items duplex.docx
2026-03-31 17:10:08 - Modified file: \\clu082fs\MoveIT-Sync\SRV504GMC\SRV650FTP\uulive\prod\31.03.2026 - Manchester Price increase letters 1 - 1000 items duplex.docx
2026-03-31 17:10:08 - Modified file: \\clu082fs\MoveIT-Sync\SRV504GMC\SRV650FTP\uulive\prod\31.03.2026 - Manchester Price increase letters 1 - 1000 items duplex.docx
2026-03-31 17:10:08 - Modified file: \\clu082fs\MoveIT-Sync\SRV504GMC\SRV650FTP\uulive\prod\31.03.2026 - Manchester Price increase letters 1 - 1000 items duplex.docx
2026-03-31 17:10:08 - Modified file: \\clu082fs\MoveIT-Sync\SRV504GMC\SRV650FTP\uulive\prod\31.03.2026 - Lancashire Price increase letters 4 - 1392 items duplex.docx
2026-03-31 17:10:08 - Modified file: \\clu082fs\MoveIT-Sync\SRV504GMC\SRV650FTP\uulive\prod\31.03.2026 - Lancashire Price increase letters 4 - 1392 items duplex.docx
2026-03-31 17:10:08 - Modified file: \\clu082fs\MoveIT-Sync\SRV504GMC\SRV650FTP\uulive\prod\31.03.2026 - Lancashire Price increase letters 4 - 1392 items duplex.docx
2026-03-31 17:10:08 - Modified file: \\clu082fs\MoveIT-Sync\SRV504GMC\SRV650FTP\uulive\prod\31.03.2026 - Lancashire Price increase letters 3 - 1000 items duplex.docx
2026-03-31 17:10:08 - Modified file: \\clu082fs\MoveIT-Sync\SRV504GMC\SRV650FTP\uulive\prod\31.03.2026 - Lancashire Price increase letters 3 - 1000 items duplex.docx
2026-03-31 17:10:08 - Modified file: \\clu082fs\MoveIT-Sync\SRV504GMC\SRV650FTP\uulive\prod\31.03.2026 - Lancashire Price increase letters 3 - 1000 items duplex.docx
2026-03-31 17:10:08 - Modified file: \\clu082fs\MoveIT-Sync\SRV504GMC\SRV650FTP\uulive\prod\31.03.2026 - Lancashire Price increase letters 2 - 1000 items duplex.docx
2026-03-31 17:10:09 - Modified file: \\clu082fs\MoveIT-Sync\SRV504GMC\SRV650FTP\uulive\prod\31.03.2026 - Lancashire Price increase letters 2 - 1000 items duplex.docx
2026-03-31 17:10:09 - Modified file: \\clu082fs\MoveIT-Sync\SRV504GMC\SRV650FTP\uulive\prod\31.03.2026 - Lancashire Price increase letters 2 - 1000 items duplex.docx
2026-03-31 17:10:12 - Deleted file: \\clu082fs\MoveIT-Sync\SRV504GMC\SRV650FTP\uulive\prod\31.03.2026 - Lancashire Price increase letters 1 - 1000 items duplex.docx
2026-03-31 17:10:12 - Deleted file: \\clu082fs\MoveIT-Sync\SRV504GMC\SRV650FTP\uulive\prod\31.03.2026 - Merseyside Price increase letters 5 - 1254 items duplex.docx
2026-03-31 17:10:12 - Deleted file: \\clu082fs\MoveIT-Sync\SRV504GMC\SRV650FTP\uulive\prod\31.03.2026 - Merseyside Price increase letters 4 - 1000 items duplex.docx
2026-03-31 17:10:12 - Deleted file: \\clu082fs\MoveIT-Sync\SRV504GMC\SRV650FTP\uulive\prod\31.03.2026 - Merseyside Price increase letters 3 - 1000 items duplex.docx
2026-03-31 17:10:12 - Deleted file: \\clu082fs\MoveIT-Sync\SRV504GMC\SRV650FTP\uulive\prod\31.03.2026 - Merseyside Price increase letters 2 - 1000 items duplex.docx
2026-03-31 17:10:12 - Deleted file: \\clu082fs\MoveIT-Sync\SRV504GMC\SRV650FTP\uulive\prod\31.03.2026 - Manchester Price increase letters 1 - 1000 items duplex.docx
2026-03-31 17:10:12 - Deleted file: \\clu082fs\MoveIT-Sync\SRV504GMC\SRV650FTP\uulive\prod\31.03.2026 - Manchester Price increase letters 4 - 1445 items duplex.docx
2026-03-31 17:10:12 - Deleted file: \\clu082fs\MoveIT-Sync\SRV504GMC\SRV650FTP\uulive\prod\31.03.2026 - Manchester Price increase letters 2 - 1000 items duplex.docx
2026-03-31 17:10:12 - Deleted file: \\clu082fs\MoveIT-Sync\SRV504GMC\SRV650FTP\uulive\prod\31.03.2026 - Lancashire Price increase letters 4 - 1392 items duplex.docx
2026-03-31 17:10:12 - Deleted file: \\clu082fs\MoveIT-Sync\SRV504GMC\SRV650FTP\uulive\prod\31.03.2026 - Manchester Price increase letters 3 - 1000 items duplex.docx
2026-03-31 17:10:12 - Deleted file: \\clu082fs\MoveIT-Sync\SRV504GMC\SRV650FTP\uulive\prod\31.03.2026 - Lancashire Price increase letters 3 - 1000 items duplex.docx
2026-03-31 17:10:12 - Deleted file: \\clu082fs\MoveIT-Sync\SRV504GMC\SRV650FTP\uulive\prod\31.03.2026 - Lancashire Price increase letters 2 - 1000 items duplex.docx
2026-03-31 22:45:45 - Modified file: \\clu082fs\MoveIT-Sync\SRV504GMC\SRV650FTP\uulive\prod\31.03.2026 - Manchester Price increase letters 1 - 1000 items duplex.docx
2026-03-31 22:45:46 - Modified file: \\clu082fs\MoveIT-Sync\SRV504GMC\SRV650FTP\uulive\prod\31.03.2026 - Manchester Price increase letters 1 - 1000 items duplex.docx
2026-03-31 22:45:47 - Modified file: \\clu082fs\MoveIT-Sync\SRV504GMC\SRV650FTP\uulive\prod\31.03.2026 - Manchester Price increase letters 1 - 1000 items duplex.docx
2026-03-31 22:45:52 - Deleted file: \\clu082fs\MoveIT-Sync\SRV504GMC\SRV650FTP\uulive\prod\31.03.2026 - Manchester Price increase letters 1 - 1000 items duplex.docx
2026-04-09 14:01:43 - Modified file: \\clu082fs\MoveIT-Sync\SRV504GMC\SRV650FTP\uulive\prod\PS Welcome Letters Standard (555) 10042026.docx
2026-04-09 14:01:43 - Modified file: \\clu082fs\MoveIT-Sync\SRV504GMC\SRV650FTP\uulive\prod\PS Welcome Letters Standard (555) 10042026.docx
2026-04-09 14:01:43 - Modified file: \\clu082fs\MoveIT-Sync\SRV504GMC\SRV650FTP\uulive\prod\PS Welcome Letters Standard (555) 10042026.docx
2026-04-09 14:01:43 - Modified file: \\clu082fs\MoveIT-Sync\SRV504GMC\SRV650FTP\uulive\prod\PS Change to Core Large Print (5) 10042026.docx
2026-04-09 14:01:43 - Modified file: \\clu082fs\MoveIT-Sync\SRV504GMC\SRV650FTP\uulive\prod\PS Change to Core Large Print (5) 10042026.docx
2026-04-09 14:01:43 - Modified file: \\clu082fs\MoveIT-Sync\SRV504GMC\SRV650FTP\uulive\prod\PS Change to Core Large Print (5) 10042026.docx
2026-04-09 14:01:43 - Modified file: \\clu082fs\MoveIT-Sync\SRV504GMC\SRV650FTP\uulive\prod\PS Change to Core Standard (189) 10042026.docx
2026-04-09 14:01:43 - Modified file: \\clu082fs\MoveIT-Sync\SRV504GMC\SRV650FTP\uulive\prod\PS Change to Core Standard (189) 10042026.docx
2026-04-09 14:01:43 - Modified file: \\clu082fs\MoveIT-Sync\SRV504GMC\SRV650FTP\uulive\prod\PS Change to Core Standard (189) 10042026.docx
2026-04-09 14:01:43 - Modified file: \\clu082fs\MoveIT-Sync\SRV504GMC\SRV650FTP\uulive\prod\PS Welcome Letter Large Print (11) 10042026.docx
2026-04-09 14:01:43 - Modified file: \\clu082fs\MoveIT-Sync\SRV504GMC\SRV650FTP\uulive\prod\PS Welcome Letter Large Print (11) 10042026.docx
2026-04-09 14:01:43 - Modified file: \\clu082fs\MoveIT-Sync\SRV504GMC\SRV650FTP\uulive\prod\PS Welcome Letter Large Print (11) 10042026.docx
2026-04-09 14:01:43 - Modified file: \\clu082fs\MoveIT-Sync\SRV504GMC\SRV650FTP\uulive\prod\PS Welcome Letters BRAILLE (1) 10042026.docx
2026-04-09 14:01:43 - Modified file: \\clu082fs\MoveIT-Sync\SRV504GMC\SRV650FTP\uulive\prod\PS Welcome Letters BRAILLE (1) 10042026.docx
2026-04-09 14:01:43 - Modified file: \\clu082fs\MoveIT-Sync\SRV504GMC\SRV650FTP\uulive\prod\PS Welcome Letters BRAILLE (1) 10042026.docx
2026-04-09 14:01:44 - Modified file: \\clu082fs\MoveIT-Sync\SRV504GMC\SRV650FTP\uulive\prod\PS Welcome Letters LARGE PRINT RED (1) 10042026.docx
2026-04-09 14:01:44 - Modified file: \\clu082fs\MoveIT-Sync\SRV504GMC\SRV650FTP\uulive\prod\PS Welcome Letters LARGE PRINT RED (1) 10042026.docx
2026-04-09 14:01:44 - Modified file: \\clu082fs\MoveIT-Sync\SRV504GMC\SRV650FTP\uulive\prod\PS Welcome Letters LARGE PRINT RED (1) 10042026.docx
2026-04-09 14:01:49 - Deleted file: \\clu082fs\MoveIT-Sync\SRV504GMC\SRV650FTP\uulive\prod\PS Change to Core Large Print (5) 10042026.docx
2026-04-09 14:01:49 - Deleted file: \\clu082fs\MoveIT-Sync\SRV504GMC\SRV650FTP\uulive\prod\PS Welcome Letters Standard (555) 10042026.docx
2026-04-09 14:01:49 - Deleted file: \\clu082fs\MoveIT-Sync\SRV504GMC\SRV650FTP\uulive\prod\PS Change to Core Standard (189) 10042026.docx
2026-04-09 14:01:49 - Deleted file: \\clu082fs\MoveIT-Sync\SRV504GMC\SRV650FTP\uulive\prod\PS Welcome Letter Large Print (11) 10042026.docx
2026-04-09 14:01:49 - Deleted file: \\clu082fs\MoveIT-Sync\SRV504GMC\SRV650FTP\uulive\prod\PS Welcome Letters BRAILLE (1) 10042026.docx
2026-04-09 14:01:49 - Deleted file: \\clu082fs\MoveIT-Sync\SRV504GMC\SRV650FTP\uulive\prod\PS Welcome Letters LARGE PRINT RED (1) 10042026.docx
2026-04-13 15:00:59 - Modified file: \\clu082fs\MoveIT-Sync\SRV504GMC\SRV650FTP\uulive\prod\Proactive exchange commercial 1000 PART 7 letters smart booklet needs including.docx
2026-04-13 15:00:59 - Modified file: \\clu082fs\MoveIT-Sync\SRV504GMC\SRV650FTP\uulive\prod\Proactive exchange commercial 1000 PART 7 letters smart booklet needs including.docx
2026-04-13 15:00:59 - Modified file: \\clu082fs\MoveIT-Sync\SRV504GMC\SRV650FTP\uulive\prod\Proactive exchange commercial 1000 PART 7 letters smart booklet needs including.docx
2026-04-13 15:00:59 - Modified file: \\clu082fs\MoveIT-Sync\SRV504GMC\SRV650FTP\uulive\prod\Proactive exchange commercial 652 PART 8 letters smart booklet needs including.docx
2026-04-13 15:00:59 - Modified file: \\clu082fs\MoveIT-Sync\SRV504GMC\SRV650FTP\uulive\prod\Proactive exchange commercial 652 PART 8 letters smart booklet needs including.docx
2026-04-13 15:00:59 - Modified file: \\clu082fs\MoveIT-Sync\SRV504GMC\SRV650FTP\uulive\prod\Proactive exchange commercial 652 PART 8 letters smart booklet needs including.docx
2026-04-13 15:01:00 - Modified file: \\clu082fs\MoveIT-Sync\SRV504GMC\SRV650FTP\uulive\prod\Proactive exchange commercial 1000 PART 1 letters smart booklet needs including.docx
2026-04-13 15:01:00 - Modified file: \\clu082fs\MoveIT-Sync\SRV504GMC\SRV650FTP\uulive\prod\Proactive exchange commercial 1000 PART 1 letters smart booklet needs including.docx
2026-04-13 15:01:00 - Modified file: \\clu082fs\MoveIT-Sync\SRV504GMC\SRV650FTP\uulive\prod\Proactive exchange commercial 1000 PART 1 letters smart booklet needs including.docx
2026-04-13 15:01:00 - Modified file: \\clu082fs\MoveIT-Sync\SRV504GMC\SRV650FTP\uulive\prod\Proactive exchange commercial 1000 PART 2 letters smart booklet needs including.docx
2026-04-13 15:01:00 - Modified file: \\clu082fs\MoveIT-Sync\SRV504GMC\SRV650FTP\uulive\prod\Proactive exchange commercial 1000 PART 2 letters smart booklet needs including.docx
2026-04-13 15:01:00 - Modified file: \\clu082fs\MoveIT-Sync\SRV504GMC\SRV650FTP\uulive\prod\Proactive exchange commercial 1000 PART 2 letters smart booklet needs including.docx
2026-04-13 15:01:00 - Modified file: \\clu082fs\MoveIT-Sync\SRV504GMC\SRV650FTP\uulive\prod\Proactive exchange commercial 1000 PART 3 letters smart booklet needs including.docx
2026-04-13 15:01:00 - Modified file: \\clu082fs\MoveIT-Sync\SRV504GMC\SRV650FTP\uulive\prod\Proactive exchange commercial 1000 PART 3 letters smart booklet needs including.docx
2026-04-13 15:01:00 - Modified file: \\clu082fs\MoveIT-Sync\SRV504GMC\SRV650FTP\uulive\prod\Proactive exchange commercial 1000 PART 3 letters smart booklet needs including.docx
2026-04-13 15:01:00 - Modified file: \\clu082fs\MoveIT-Sync\SRV504GMC\SRV650FTP\uulive\prod\Proactive exchange commercial 1000 PART 4 letters smart booklet needs including.docx
2026-04-13 15:01:00 - Modified file: \\clu082fs\MoveIT-Sync\SRV504GMC\SRV650FTP\uulive\prod\Proactive exchange commercial 1000 PART 4 letters smart booklet needs including.docx
2026-04-13 15:01:00 - Modified file: \\clu082fs\MoveIT-Sync\SRV504GMC\SRV650FTP\uulive\prod\Proactive exchange commercial 1000 PART 4 letters smart booklet needs including.docx
2026-04-13 15:01:00 - Modified file: \\clu082fs\MoveIT-Sync\SRV504GMC\SRV650FTP\uulive\prod\Proactive exchange commercial 1000 PART 5 letters smart booklet needs including.docx
2026-04-13 15:01:01 - Modified file: \\clu082fs\MoveIT-Sync\SRV504GMC\SRV650FTP\uulive\prod\Proactive exchange commercial 1000 PART 5 letters smart booklet needs including.docx
2026-04-13 15:01:01 - Modified file: \\clu082fs\MoveIT-Sync\SRV504GMC\SRV650FTP\uulive\prod\Proactive exchange commercial 1000 PART 5 letters smart booklet needs including.docx
2026-04-13 15:01:01 - Modified file: \\clu082fs\MoveIT-Sync\SRV504GMC\SRV650FTP\uulive\prod\Proactive exchange commercial 1000 PART 6 letters smart booklet needs including.docx
2026-04-13 15:01:01 - Modified file: \\clu082fs\MoveIT-Sync\SRV504GMC\SRV650FTP\uulive\prod\Proactive exchange commercial 1000 PART 6 letters smart booklet needs including.docx
2026-04-13 15:01:01 - Modified file: \\clu082fs\MoveIT-Sync\SRV504GMC\SRV650FTP\uulive\prod\Proactive exchange commercial 1000 PART 6 letters smart booklet needs including.docx
2026-04-13 15:01:04 - Deleted file: \\clu082fs\MoveIT-Sync\SRV504GMC\SRV650FTP\uulive\prod\Proactive exchange commercial 1000 PART 7 letters smart booklet needs including.docx
2026-04-13 15:01:04 - Deleted file: \\clu082fs\MoveIT-Sync\SRV504GMC\SRV650FTP\uulive\prod\Proactive exchange commercial 652 PART 8 letters smart booklet needs including.docx
2026-04-13 15:01:04 - Deleted file: \\clu082fs\MoveIT-Sync\SRV504GMC\SRV650FTP\uulive\prod\Proactive exchange commercial 1000 PART 2 letters smart booklet needs including.docx
2026-04-13 15:01:05 - Deleted file: \\clu082fs\MoveIT-Sync\SRV504GMC\SRV650FTP\uulive\prod\Proactive exchange commercial 1000 PART 4 letters smart booklet needs including.docx
2026-04-13 15:01:05 - Deleted file: \\clu082fs\MoveIT-Sync\SRV504GMC\SRV650FTP\uulive\prod\Proactive exchange commercial 1000 PART 3 letters smart booklet needs including.docx
2026-04-13 15:01:05 - Deleted file: \\clu082fs\MoveIT-Sync\SRV504GMC\SRV650FTP\uulive\prod\Proactive exchange commercial 1000 PART 1 letters smart booklet needs including.docx
2026-04-13 15:01:05 - Deleted file: \\clu082fs\MoveIT-Sync\SRV504GMC\SRV650FTP\uulive\prod\Proactive exchange commercial 1000 PART 5 letters smart booklet needs including.docx
2026-04-13 15:01:05 - Deleted file: \\clu082fs\MoveIT-Sync\SRV504GMC\SRV650FTP\uulive\prod\Proactive exchange commercial 1000 PART 6 letters smart booklet needs including.docx
2026-04-29 09:22:19 - Modified file: \\clu082fs\MoveIT-Sync\SRV504GMC\SRV650FTP\uulive\prod\Pre legal Water Demand- 51 Grange Road CW8 4PE.docx
2026-04-29 09:22:19 - Modified file: \\clu082fs\MoveIT-Sync\SRV504GMC\SRV650FTP\uulive\prod\Pre legal Water Demand- 51 Grange Road CW8 4PE.docx
2026-04-29 09:22:19 - Modified file: \\clu082fs\MoveIT-Sync\SRV504GMC\SRV650FTP\uulive\prod\Pre legal Water Demand- 51 Grange Road CW8 4PE.docx
2026-04-29 09:22:19 - Modified file: \\clu082fs\MoveIT-Sync\SRV504GMC\SRV650FTP\uulive\prod\Pre legal Water Demand- 2 OAK TERRACE OL2 7BF OWNER.docx
2026-04-29 09:22:19 - Modified file: \\clu082fs\MoveIT-Sync\SRV504GMC\SRV650FTP\uulive\prod\Pre legal Water Demand- 2 OAK TERRACE OL2 7BF OWNER.docx
2026-04-29 09:22:19 - Modified file: \\clu082fs\MoveIT-Sync\SRV504GMC\SRV650FTP\uulive\prod\Pre legal Water Demand- 2 OAK TERRACE OL2 7BF OWNER.docx
2026-04-29 09:22:20 - Modified file: \\clu082fs\MoveIT-Sync\SRV504GMC\SRV650FTP\uulive\prod\Pre legal Water Demand- 2 OAK TERRACE OL2 7BF TENANT.docx
2026-04-29 09:22:20 - Modified file: \\clu082fs\MoveIT-Sync\SRV504GMC\SRV650FTP\uulive\prod\Pre legal Water Demand- 2 OAK TERRACE OL2 7BF TENANT.docx
2026-04-29 09:22:20 - Modified file: \\clu082fs\MoveIT-Sync\SRV504GMC\SRV650FTP\uulive\prod\Pre legal Water Demand- 2 OAK TERRACE OL2 7BF TENANT.docx
2026-04-29 09:22:26 - Deleted file: \\clu082fs\MoveIT-Sync\SRV504GMC\SRV650FTP\uulive\prod\Pre legal Water Demand- 51 Grange Road CW8 4PE.docx
2026-04-29 09:22:26 - Deleted file: \\clu082fs\MoveIT-Sync\SRV504GMC\SRV650FTP\uulive\prod\Pre legal Water Demand- 2 OAK TERRACE OL2 7BF OWNER.docx
2026-04-29 09:22:26 - Deleted file: \\clu082fs\MoveIT-Sync\SRV504GMC\SRV650FTP\uulive\prod\Pre legal Water Demand- 2 OAK TERRACE OL2 7BF TENANT.docx
2026-04-29 10:30:04 - Modified file: \\clu082fs\MoveIT-Sync\SRV504GMC\SRV650FTP\uulive\prod\Pre legal Water Demand- 2 OAK TERRACE OL2 7BF OWNER.docx
2026-04-29 10:30:04 - Modified file: \\clu082fs\MoveIT-Sync\SRV504GMC\SRV650FTP\uulive\prod\Pre legal Water Demand- 2 OAK TERRACE OL2 7BF OWNER.docx
2026-04-29 10:30:04 - Modified file: \\clu082fs\MoveIT-Sync\SRV504GMC\SRV650FTP\uulive\prod\Pre legal Water Demand- 2 OAK TERRACE OL2 7BF TENANT.docx
2026-04-29 10:30:04 - Modified file: \\clu082fs\MoveIT-Sync\SRV504GMC\SRV650FTP\uulive\prod\Pre legal Water Demand- 2 OAK TERRACE OL2 7BF TENANT.docx
2026-04-29 10:30:04 - Modified file: \\clu082fs\MoveIT-Sync\SRV504GMC\SRV650FTP\uulive\prod\Pre legal Water Demand- 2 OAK TERRACE OL2 7BF TENANT.docx
2026-04-29 10:30:05 - Modified file: \\clu082fs\MoveIT-Sync\SRV504GMC\SRV650FTP\uulive\prod\Pre legal Water Demand- 51 Grange Road CW8 4PE.docx
2026-04-29 10:30:05 - Modified file: \\clu082fs\MoveIT-Sync\SRV504GMC\SRV650FTP\uulive\prod\Pre legal Water Demand- 51 Grange Road CW8 4PE.docx
2026-04-29 10:30:05 - Modified file: \\clu082fs\MoveIT-Sync\SRV504GMC\SRV650FTP\uulive\prod\Pre legal Water Demand- 51 Grange Road CW8 4PE.docx
2026-04-29 10:30:05 - Modified file: \\clu082fs\MoveIT-Sync\SRV504GMC\SRV650FTP\uulive\prod\Pre legal Water Demand- 2 OAK TERRACE OL2 7BF TENANT.docx
2026-04-29 10:30:05 - Modified file: \\clu082fs\MoveIT-Sync\SRV504GMC\SRV650FTP\uulive\prod\Pre legal Water Demand- 2 OAK TERRACE OL2 7BF OWNER.docx
2026-04-29 10:30:05 - Deleted file: \\clu082fs\MoveIT-Sync\SRV504GMC\SRV650FTP\uulive\prod\Pre legal Water Demand- 2 OAK TERRACE OL2 7BF TENANT.docx
2026-04-29 10:30:05 - Deleted file: \\clu082fs\MoveIT-Sync\SRV504GMC\SRV650FTP\uulive\prod\Pre legal Water Demand- 2 OAK TERRACE OL2 7BF OWNER.docx
2026-04-29 10:30:05 - Modified file: \\clu082fs\MoveIT-Sync\SRV504GMC\SRV650FTP\uulive\prod\Pre legal Water Demand- 51 Grange Road CW8 4PE.docx
2026-04-29 10:30:05 - Deleted file: \\clu082fs\MoveIT-Sync\SRV504GMC\SRV650FTP\uulive\prod\Pre legal Water Demand- 51 Grange Road CW8 4PE.docx
2026-04-30 13:32:19 - Modified file: \\clu082fs\MoveIT-Sync\SRV504GMC\SRV650FTP\uulive\prod\30-04-2026 - PROIN5 - Proactive Install Screw No LBG - 1st Class - 42 items.docx
2026-04-30 13:32:19 - Modified file: \\clu082fs\MoveIT-Sync\SRV504GMC\SRV650FTP\uulive\prod\30-04-2026 - PROIN5 - Proactive Install Screw No LBG - 1st Class - 42 items.docx
2026-04-30 13:32:19 - Modified file: \\clu082fs\MoveIT-Sync\SRV504GMC\SRV650FTP\uulive\prod\30-04-2026 - PROIN5 - Proactive Install Screw No LBG - 1st Class - 42 items.docx
2026-04-30 13:32:20 - Modified file: \\clu082fs\MoveIT-Sync\SRV504GMC\SRV650FTP\uulive\prod\EM Opt In Letters 30-04-2026 - 74 simplex items.docx
2026-04-30 13:32:20 - Modified file: \\clu082fs\MoveIT-Sync\SRV504GMC\SRV650FTP\uulive\prod\EM Opt In Letters 30-04-2026 - 74 simplex items.docx
2026-04-30 13:32:20 - Modified file: \\clu082fs\MoveIT-Sync\SRV504GMC\SRV650FTP\uulive\prod\EM Opt In Letters 30-04-2026 - 74 simplex items.docx
2026-04-30 13:32:21 - Modified file: \\clu082fs\MoveIT-Sync\SRV504GMC\SRV650FTP\uulive\prod\30-04-2026 - PROIN3- Proactive Install Screw LBG - 1st Class - 633 items.docx
2026-04-30 13:32:21 - Modified file: \\clu082fs\MoveIT-Sync\SRV504GMC\SRV650FTP\uulive\prod\30-04-2026 - PROIN3- Proactive Install Screw LBG - 1st Class - 633 items.docx
2026-04-30 13:32:21 - Modified file: \\clu082fs\MoveIT-Sync\SRV504GMC\SRV650FTP\uulive\prod\30-04-2026 - PROIN3- Proactive Install Screw LBG - 1st Class - 633 items.docx
2026-04-30 13:32:24 - Deleted file: \\clu082fs\MoveIT-Sync\SRV504GMC\SRV650FTP\uulive\prod\30-04-2026 - PROIN5 - Proactive Install Screw No LBG - 1st Class - 42 items.docx
2026-04-30 13:32:24 - Deleted file: \\clu082fs\MoveIT-Sync\SRV504GMC\SRV650FTP\uulive\prod\EM Opt In Letters 30-04-2026 - 74 simplex items.docx
2026-04-30 13:32:24 - Deleted file: \\clu082fs\MoveIT-Sync\SRV504GMC\SRV650FTP\uulive\prod\30-04-2026 - PROIN3- Proactive Install Screw LBG - 1st Class - 633 items.docx
2026-04-30 15:00:03 - Modified file: \\clu082fs\MoveIT-Sync\SRV504GMC\SRV650FTP\uulive\prod\PS Change to Core Large Print (17) 01052026.docx
2026-04-30 15:00:03 - Modified file: \\clu082fs\MoveIT-Sync\SRV504GMC\SRV650FTP\uulive\prod\PS Change to Core Large Print (17) 01052026.docx
2026-04-30 15:00:03 - Modified file: \\clu082fs\MoveIT-Sync\SRV504GMC\SRV650FTP\uulive\prod\PS Change to Core Large Print (17) 01052026.docx
2026-04-30 15:00:12 - Modified file: \\clu082fs\MoveIT-Sync\SRV504GMC\SRV650FTP\uulive\prod\PS Change to Core Large Print (17) 01052026.docx
2026-04-30 15:00:12 - Deleted file: \\clu082fs\MoveIT-Sync\SRV504GMC\SRV650FTP\uulive\prod\PS Change to Core Large Print (17) 01052026.docx
2026-04-30 15:15:03 - Modified file: \\clu082fs\MoveIT-Sync\SRV504GMC\SRV650FTP\uulive\prod\PS Change to Core Standard (343) 01052026.docx
2026-04-30 15:15:03 - Modified file: \\clu082fs\MoveIT-Sync\SRV504GMC\SRV650FTP\uulive\prod\PS Change to Core Standard (343) 01052026.docx
2026-04-30 15:15:03 - Modified file: \\clu082fs\MoveIT-Sync\SRV504GMC\SRV650FTP\uulive\prod\PS Change to Core Standard (343) 01052026.docx
2026-04-30 15:15:10 - Modified file: \\clu082fs\MoveIT-Sync\SRV504GMC\SRV650FTP\uulive\prod\PS Change to Core Standard (343) 01052026.docx
2026-04-30 15:15:12 - Deleted file: \\clu082fs\MoveIT-Sync\SRV504GMC\SRV650FTP\uulive\prod\PS Change to Core Standard (343) 01052026.docx
2026-04-30 15:45:04 - Modified file: \\clu082fs\MoveIT-Sync\SRV504GMC\SRV650FTP\uulive\prod\PS Welcome Letter Large Print (15) 01052026.docx
2026-04-30 15:45:04 - Modified file: \\clu082fs\MoveIT-Sync\SRV504GMC\SRV650FTP\uulive\prod\PS Welcome Letter Large Print (15) 01052026.docx
2026-04-30 15:45:04 - Modified file: \\clu082fs\MoveIT-Sync\SRV504GMC\SRV650FTP\uulive\prod\PS Welcome Letter Large Print (15) 01052026.docx
2026-04-30 15:45:04 - Modified file: \\clu082fs\MoveIT-Sync\SRV504GMC\SRV650FTP\uulive\prod\PS Welcome Letter YELLOW Large Print (1) 01052026.docx
2026-04-30 15:45:04 - Modified file: \\clu082fs\MoveIT-Sync\SRV504GMC\SRV650FTP\uulive\prod\PS Welcome Letter YELLOW Large Print (1) 01052026.docx
2026-04-30 15:45:04 - Modified file: \\clu082fs\MoveIT-Sync\SRV504GMC\SRV650FTP\uulive\prod\PS Welcome Letter YELLOW Large Print (1) 01052026.docx
2026-04-30 15:45:04 - Modified file: \\clu082fs\MoveIT-Sync\SRV504GMC\SRV650FTP\uulive\prod\PS Welcome Letters BRAILLE (1) 01052026.docx
2026-04-30 15:45:04 - Modified file: \\clu082fs\MoveIT-Sync\SRV504GMC\SRV650FTP\uulive\prod\PS Welcome Letters BRAILLE (1) 01052026.docx
2026-04-30 15:45:04 - Modified file: \\clu082fs\MoveIT-Sync\SRV504GMC\SRV650FTP\uulive\prod\PS Welcome Letters BRAILLE (1) 01052026.docx
2026-04-30 15:45:04 - Modified file: \\clu082fs\MoveIT-Sync\SRV504GMC\SRV650FTP\uulive\prod\PS Welcome Letters Standard (851) 01052026.docx
2026-04-30 15:45:04 - Modified file: \\clu082fs\MoveIT-Sync\SRV504GMC\SRV650FTP\uulive\prod\PS Welcome Letters Standard (851) 01052026.docx
2026-04-30 15:45:04 - Modified file: \\clu082fs\MoveIT-Sync\SRV504GMC\SRV650FTP\uulive\prod\PS Welcome Letters Standard (851) 01052026.docx
2026-04-30 15:45:11 - Modified file: \\clu082fs\MoveIT-Sync\SRV504GMC\SRV650FTP\uulive\prod\PS Welcome Letters BRAILLE (1) 01052026.docx
2026-04-30 15:45:11 - Modified file: \\clu082fs\MoveIT-Sync\SRV504GMC\SRV650FTP\uulive\prod\PS Welcome Letter YELLOW Large Print (1) 01052026.docx
2026-04-30 15:45:11 - Modified file: \\clu082fs\MoveIT-Sync\SRV504GMC\SRV650FTP\uulive\prod\PS Welcome Letter Large Print (15) 01052026.docx
2026-04-30 15:45:11 - Modified file: \\clu082fs\MoveIT-Sync\SRV504GMC\SRV650FTP\uulive\prod\PS Welcome Letters Standard (851) 01052026.docx
2026-04-30 15:45:12 - Deleted file: \\clu082fs\MoveIT-Sync\SRV504GMC\SRV650FTP\uulive\prod\PS Welcome Letters BRAILLE (1) 01052026.docx
2026-04-30 15:45:13 - Deleted file: \\clu082fs\MoveIT-Sync\SRV504GMC\SRV650FTP\uulive\prod\PS Welcome Letter YELLOW Large Print (1) 01052026.docx
2026-04-30 15:45:13 - Deleted file: \\clu082fs\MoveIT-Sync\SRV504GMC\SRV650FTP\uulive\prod\PS Welcome Letter Large Print (15) 01052026.docx
2026-04-30 15:45:13 - Deleted file: \\clu082fs\MoveIT-Sync\SRV504GMC\SRV650FTP\uulive\prod\PS Welcome Letters Standard (851) 01052026.docx
2026-05-08 09:23:39 - Deleted file: \\clu082fs\MoveIT-Sync\SRV504GMC\SRV650FTP\uulive\prod\PS Welcome Letters Standard (715) 08052026.docx
2026-05-08 09:23:39 - Deleted file: \\clu082fs\MoveIT-Sync\SRV504GMC\SRV650FTP\uulive\prod\PS Change to Core Large Print (6) 08052026.docx
2026-05-08 09:23:39 - Deleted file: \\clu082fs\MoveIT-Sync\SRV504GMC\SRV650FTP\uulive\prod\PS Change to Core Standard (246) 08052026.docx
2026-05-08 09:23:39 - Deleted file: \\clu082fs\MoveIT-Sync\SRV504GMC\SRV650FTP\uulive\prod\PS Welcome Letter Large Print (10) 08052026.docx
2026-05-08 09:23:40 - Deleted file: \\clu082fs\MoveIT-Sync\SRV504GMC\SRV650FTP\uulive\prod\PS Welcome Letters BRAILLE (3) 08052026.docx
2026-05-08 09:23:45 - Modified file: \\clu082fs\MoveIT-Sync\SRV504GMC\SRV650FTP\uulive\prod\PS Welcome Letters Standard (715) 08052026.docx
2026-05-08 09:23:45 - Modified file: \\clu082fs\MoveIT-Sync\SRV504GMC\SRV650FTP\uulive\prod\PS Welcome Letters Standard (715) 08052026.docx
2026-05-08 09:23:45 - Modified file: \\clu082fs\MoveIT-Sync\SRV504GMC\SRV650FTP\uulive\prod\PS Welcome Letters Standard (715) 08052026.docx
2026-05-08 09:23:45 - Modified file: \\clu082fs\MoveIT-Sync\SRV504GMC\SRV650FTP\uulive\prod\PS Change to Core Large Print (6) 08052026.docx
2026-05-08 09:23:45 - Modified file: \\clu082fs\MoveIT-Sync\SRV504GMC\SRV650FTP\uulive\prod\PS Change to Core Large Print (6) 08052026.docx
2026-05-08 09:23:45 - Modified file: \\clu082fs\MoveIT-Sync\SRV504GMC\SRV650FTP\uulive\prod\PS Change to Core Large Print (6) 08052026.docx
2026-05-08 09:23:45 - Modified file: \\clu082fs\MoveIT-Sync\SRV504GMC\SRV650FTP\uulive\prod\PS Change to Core Standard (246) 08052026.docx
2026-05-08 09:23:45 - Modified file: \\clu082fs\MoveIT-Sync\SRV504GMC\SRV650FTP\uulive\prod\PS Change to Core Standard (246) 08052026.docx
2026-05-08 09:23:45 - Modified file: \\clu082fs\MoveIT-Sync\SRV504GMC\SRV650FTP\uulive\prod\PS Change to Core Standard (246) 08052026.docx
2026-05-08 09:23:45 - Modified file: \\clu082fs\MoveIT-Sync\SRV504GMC\SRV650FTP\uulive\prod\PS Welcome Letter Large Print (10) 08052026.docx
2026-05-08 09:23:45 - Modified file: \\clu082fs\MoveIT-Sync\SRV504GMC\SRV650FTP\uulive\prod\PS Welcome Letter Large Print (10) 08052026.docx
2026-05-08 09:23:45 - Modified file: \\clu082fs\MoveIT-Sync\SRV504GMC\SRV650FTP\uulive\prod\PS Welcome Letter Large Print (10) 08052026.docx
2026-05-08 09:23:45 - Modified file: \\clu082fs\MoveIT-Sync\SRV504GMC\SRV650FTP\uulive\prod\PS Welcome Letters BRAILLE (3) 08052026.docx
2026-05-08 09:23:45 - Modified file: \\clu082fs\MoveIT-Sync\SRV504GMC\SRV650FTP\uulive\prod\PS Welcome Letters BRAILLE (3) 08052026.docx
2026-05-08 09:23:45 - Modified file: \\clu082fs\MoveIT-Sync\SRV504GMC\SRV650FTP\uulive\prod\PS Welcome Letters BRAILLE (3) 08052026.docx
2026-05-08 09:23:52 - Deleted file: \\clu082fs\MoveIT-Sync\SRV504GMC\SRV650FTP\uulive\prod\PS Welcome Letters Standard (715) 08052026.docx
2026-05-08 09:23:52 - Deleted file: \\clu082fs\MoveIT-Sync\SRV504GMC\SRV650FTP\uulive\prod\PS Change to Core Large Print (6) 08052026.docx
2026-05-08 09:23:52 - Deleted file: \\clu082fs\MoveIT-Sync\SRV504GMC\SRV650FTP\uulive\prod\PS Welcome Letter Large Print (10) 08052026.docx
2026-05-08 09:23:52 - Deleted file: \\clu082fs\MoveIT-Sync\SRV504GMC\SRV650FTP\uulive\prod\PS Change to Core Standard (246) 08052026.docx
2026-05-08 09:23:52 - Deleted file: \\clu082fs\MoveIT-Sync\SRV504GMC\SRV650FTP\uulive\prod\PS Welcome Letters BRAILLE (3) 08052026.docx
2026-05-14 14:18:02 - Modified file: \\clu082fs\MoveIT-Sync\SRV504GMC\SRV650FTP\uulive\prod\PS Welcome Letter Large Print (19) 15052026.docx
2026-05-14 14:18:02 - Modified file: \\clu082fs\MoveIT-Sync\SRV504GMC\SRV650FTP\uulive\prod\PS Welcome Letter Large Print (19) 15052026.docx
2026-05-14 14:18:02 - Modified file: \\clu082fs\MoveIT-Sync\SRV504GMC\SRV650FTP\uulive\prod\PS Welcome Letter Large Print (19) 15052026.docx
2026-05-14 14:18:02 - Modified file: \\clu082fs\MoveIT-Sync\SRV504GMC\SRV650FTP\uulive\prod\PS Welcome Letters BRAILLE (1) 15052026.docx
2026-05-14 14:18:02 - Modified file: \\clu082fs\MoveIT-Sync\SRV504GMC\SRV650FTP\uulive\prod\PS Welcome Letters BRAILLE (1) 15052026.docx
2026-05-14 14:18:02 - Modified file: \\clu082fs\MoveIT-Sync\SRV504GMC\SRV650FTP\uulive\prod\PS Welcome Letters BRAILLE (1) 15052026.docx
2026-05-14 14:18:09 - Deleted file: \\clu082fs\MoveIT-Sync\SRV504GMC\SRV650FTP\uulive\prod\PS Welcome Letter Large Print (19) 15052026.docx
2026-05-14 14:18:09 - Deleted file: \\clu082fs\MoveIT-Sync\SRV504GMC\SRV650FTP\uulive\prod\PS Welcome Letters BRAILLE (1) 15052026.docx
2026-05-15 09:12:14 - Deleted file: \\clu082fs\MoveIT-Sync\SRV504GMC\SRV650FTP\uulive\prod\PS Change to Core Standard (363) 15052026.docx
2026-05-15 09:12:14 - Deleted file: \\clu082fs\MoveIT-Sync\SRV504GMC\SRV650FTP\uulive\prod\PS Change to Core Large Print (14) 15052026.docx
2026-05-15 09:12:14 - Deleted file: \\clu082fs\MoveIT-Sync\SRV504GMC\SRV650FTP\uulive\prod\PS Change to Core Large Print Yellow (1) 15052026.docx
2026-05-15 09:12:25 - Modified file: \\clu082fs\MoveIT-Sync\SRV504GMC\SRV650FTP\uulive\prod\PS Change to Core Large Print Yellow (1) 15052026.docx
2026-05-15 09:12:25 - Modified file: \\clu082fs\MoveIT-Sync\SRV504GMC\SRV650FTP\uulive\prod\PS Change to Core Large Print Yellow (1) 15052026.docx
2026-05-15 09:12:25 - Modified file: \\clu082fs\MoveIT-Sync\SRV504GMC\SRV650FTP\uulive\prod\PS Change to Core Large Print Yellow (1) 15052026.docx
2026-05-15 09:12:25 - Modified file: \\clu082fs\MoveIT-Sync\SRV504GMC\SRV650FTP\uulive\prod\PS Change to Core Large Print (14) 15052026.docx
2026-05-15 09:12:25 - Modified file: \\clu082fs\MoveIT-Sync\SRV504GMC\SRV650FTP\uulive\prod\PS Change to Core Large Print (14) 15052026.docx
2026-05-15 09:12:25 - Modified file: \\clu082fs\MoveIT-Sync\SRV504GMC\SRV650FTP\uulive\prod\PS Change to Core Large Print (14) 15052026.docx
2026-05-15 09:12:25 - Deleted file: \\clu082fs\MoveIT-Sync\SRV504GMC\SRV650FTP\uulive\prod\PS Change to Core Large Print Yellow (1) 15052026.docx
2026-05-15 09:12:26 - Deleted file: \\clu082fs\MoveIT-Sync\SRV504GMC\SRV650FTP\uulive\prod\PS Change to Core Large Print (14) 15052026.docx
2026-05-15 16:24:26 - Modified file: \\clu082fs\MoveIT-Sync\SRV504GMC\SRV650FTP\uulive\prod\Annual uprating UC mail merge.docx
2026-05-15 16:24:26 - Modified file: \\clu082fs\MoveIT-Sync\SRV504GMC\SRV650FTP\uulive\prod\Annual uprating UC mail merge.docx
2026-05-15 16:24:26 - Modified file: \\clu082fs\MoveIT-Sync\SRV504GMC\SRV650FTP\uulive\prod\Annual uprating UC mail merge.docx
2026-05-15 16:24:26 - Modified file: \\clu082fs\MoveIT-Sync\SRV504GMC\SRV650FTP\uulive\prod\Annual uprating UC mail merge.docx
2026-05-15 16:24:26 - Modified file: \\clu082fs\MoveIT-Sync\SRV504GMC\SRV650FTP\uulive\prod\Annual uprating UC mail merge.docx
2026-05-15 16:24:26 - Modified file: \\clu082fs\MoveIT-Sync\SRV504GMC\SRV650FTP\uulive\prod\Annual uprating UC mail merge.docx
2026-05-15 16:24:26 - Modified file: \\clu082fs\MoveIT-Sync\SRV504GMC\SRV650FTP\uulive\prod\Annual uprating UC mail merge.docx
2026-05-15 16:24:26 - Modified file: \\clu082fs\MoveIT-Sync\SRV504GMC\SRV650FTP\uulive\prod\Annual uprating UC mail merge.docx
2026-05-15 16:24:26 - Modified file: \\clu082fs\MoveIT-Sync\SRV504GMC\SRV650FTP\uulive\prod\Annual uprating UC mail merge.docx
2026-05-15 16:24:40 - Deleted file: \\clu082fs\MoveIT-Sync\SRV504GMC\SRV650FTP\uulive\prod\Annual uprating UC mail merge.docx
2026-05-15 16:24:40 - Deleted file: \\clu082fs\MoveIT-Sync\SRV504GMC\SRV650FTP\uulive\prod\Annual uprating UC mail merge.docx
2026-05-21 13:44:12 - Modified file: \\clu082fs\MoveIT-Sync\SRV504GMC\SRV650FTP\uulive\prod\PS Welcome Letter Large Print (14) 22052026.docx
2026-05-21 13:44:12 - Modified file: \\clu082fs\MoveIT-Sync\SRV504GMC\SRV650FTP\uulive\prod\PS Welcome Letter Large Print (14) 22052026.docx
2026-05-21 13:44:12 - Modified file: \\clu082fs\MoveIT-Sync\SRV504GMC\SRV650FTP\uulive\prod\PS Welcome Letter Large Print Light Blue (1) 21052026.docx
2026-05-21 13:44:12 - Modified file: \\clu082fs\MoveIT-Sync\SRV504GMC\SRV650FTP\uulive\prod\PS Welcome Letter Large Print Light Blue (1) 21052026.docx
2026-05-21 13:44:12 - Modified file: \\clu082fs\MoveIT-Sync\SRV504GMC\SRV650FTP\uulive\prod\PS Welcome Letter Large Print Light Blue (1) 21052026.docx
2026-05-21 13:44:12 - Modified file: \\clu082fs\MoveIT-Sync\SRV504GMC\SRV650FTP\uulive\prod\PS Welcome Letters BRAILLE (1) 22052026.docx
2026-05-21 13:44:12 - Modified file: \\clu082fs\MoveIT-Sync\SRV504GMC\SRV650FTP\uulive\prod\PS Welcome Letters BRAILLE (1) 22052026.docx
2026-05-21 13:44:12 - Modified file: \\clu082fs\MoveIT-Sync\SRV504GMC\SRV650FTP\uulive\prod\PS Welcome Letters BRAILLE (1) 22052026.docx
2026-05-21 13:44:12 - Modified file: \\clu082fs\MoveIT-Sync\SRV504GMC\SRV650FTP\uulive\prod\PS Welcome Letters Standard (1025) 22052026.docx
2026-05-21 13:44:12 - Modified file: \\clu082fs\MoveIT-Sync\SRV504GMC\SRV650FTP\uulive\prod\PS Welcome Letters Standard (1025) 22052026.docx
2026-05-21 13:44:12 - Modified file: \\clu082fs\MoveIT-Sync\SRV504GMC\SRV650FTP\uulive\prod\PS Welcome Letters Standard (1025) 22052026.docx
2026-05-21 13:44:19 - Modified file: \\clu082fs\MoveIT-Sync\SRV504GMC\SRV650FTP\uulive\prod\PS Welcome Letter Large Print (14) 22052026.docx
2026-05-21 13:44:19 - Modified file: \\clu082fs\MoveIT-Sync\SRV504GMC\SRV650FTP\uulive\prod\PS Welcome Letter Large Print Light Blue (1) 21052026.docx
2026-05-21 13:44:19 - Modified file: \\clu082fs\MoveIT-Sync\SRV504GMC\SRV650FTP\uulive\prod\PS Welcome Letters BRAILLE (1) 22052026.docx
2026-05-21 13:44:19 - Modified file: \\clu082fs\MoveIT-Sync\SRV504GMC\SRV650FTP\uulive\prod\PS Welcome Letters Standard (1025) 22052026.docx
2026-05-21 13:44:19 - Deleted file: \\clu082fs\MoveIT-Sync\SRV504GMC\SRV650FTP\uulive\prod\PS Welcome Letter Large Print (14) 22052026.docx
2026-05-21 13:44:19 - Deleted file: \\clu082fs\MoveIT-Sync\SRV504GMC\SRV650FTP\uulive\prod\PS Welcome Letter Large Print Light Blue (1) 21052026.docx
2026-05-21 13:44:19 - Deleted file: \\clu082fs\MoveIT-Sync\SRV504GMC\SRV650FTP\uulive\prod\PS Welcome Letters BRAILLE (1) 22052026.docx
2026-05-21 13:44:19 - Deleted file: \\clu082fs\MoveIT-Sync\SRV504GMC\SRV650FTP\uulive\prod\PS Welcome Letters Standard (1025) 22052026.docx
2026-05-21 14:44:11 - Modified file: \\clu082fs\MoveIT-Sync\SRV504GMC\SRV650FTP\uulive\prod\PS Change to Core Large Print (15) 22052026.docx
2026-05-21 14:44:11 - Modified file: \\clu082fs\MoveIT-Sync\SRV504GMC\SRV650FTP\uulive\prod\PS Change to Core Large Print (15) 22052026.docx
2026-05-21 14:44:11 - Modified file: \\clu082fs\MoveIT-Sync\SRV504GMC\SRV650FTP\uulive\prod\PS Change to Core Large Print (15) 22052026.docx
2026-05-21 14:44:11 - Modified file: \\clu082fs\MoveIT-Sync\SRV504GMC\SRV650FTP\uulive\prod\PS Change to Core Standard (299) 22052026.docx
2026-05-21 14:44:11 - Modified file: \\clu082fs\MoveIT-Sync\SRV504GMC\SRV650FTP\uulive\prod\PS Change to Core Standard (299) 22052026.docx
2026-05-21 14:44:11 - Modified file: \\clu082fs\MoveIT-Sync\SRV504GMC\SRV650FTP\uulive\prod\PS Change to Core Standard (299) 22052026.docx
2026-05-21 14:44:18 - Modified file: \\clu082fs\MoveIT-Sync\SRV504GMC\SRV650FTP\uulive\prod\PS Change to Core Large Print (15) 22052026.docx
2026-05-21 14:44:18 - Modified file: \\clu082fs\MoveIT-Sync\SRV504GMC\SRV650FTP\uulive\prod\PS Change to Core Standard (299) 22052026.docx
2026-05-21 14:44:18 - Deleted file: \\clu082fs\MoveIT-Sync\SRV504GMC\SRV650FTP\uulive\prod\PS Change to Core Large Print (15) 22052026.docx
2026-05-21 14:44:18 - Deleted file: \\clu082fs\MoveIT-Sync\SRV504GMC\SRV650FTP\uulive\prod\PS Change to Core Standard (299) 22052026.docx
2026-05-26 09:08:24 - Modified file: \\clu082fs\MoveIT-Sync\SRV504GMC\SRV650FTP\uulive\prod\Test1.docx
2026-05-26 09:08:24 - Modified file: \\clu082fs\MoveIT-Sync\SRV504GMC\SRV650FTP\uulive\prod\Test1.docx
2026-05-26 09:08:27 - Deleted file: \\clu082fs\MoveIT-Sync\SRV504GMC\SRV650FTP\uulive\prod\Test1.docx
2026-05-26 10:59:06 - Modified file: \\clu082fs\MoveIT-Sync\SRV504GMC\SRV650FTP\uulive\prod\DWP UC mail merge - 61 simplex items.docx
2026-05-26 10:59:06 - Modified file: \\clu082fs\MoveIT-Sync\SRV504GMC\SRV650FTP\uulive\prod\DWP UC mail merge - 61 simplex items.docx
2026-05-26 10:59:06 - Modified file: \\clu082fs\MoveIT-Sync\SRV504GMC\SRV650FTP\uulive\prod\DWP UC mail merge - 61 simplex items.docx
2026-05-26 10:59:13 - Modified file: \\clu082fs\MoveIT-Sync\SRV504GMC\SRV650FTP\uulive\prod\DWP UC mail merge - 61 simplex items.docx
2026-05-26 10:59:13 - Deleted file: \\clu082fs\MoveIT-Sync\SRV504GMC\SRV650FTP\uulive\prod\DWP UC mail merge - 61 simplex items.docx
2026-06-18 14:38:40 - Deleted file: \\clu082fs\MoveIT-Sync\SRV504GMC\SRV650FTP\uulive\prod\18-06-2026 - PROIN5 Screw Letters No LBG FIRST CLASS - 67 items.docx
2026-06-18 14:38:40 - Deleted file: \\clu082fs\MoveIT-Sync\SRV504GMC\SRV650FTP\uulive\prod\PS Change to Core Large Print (15) 19.06.2026.docx
2026-06-18 14:38:40 - Deleted file: \\clu082fs\MoveIT-Sync\SRV504GMC\SRV650FTP\uulive\prod\PS Change to Core Large Print Lemon Paper (1) 19.06.2026.docx
2026-06-18 14:38:40 - Deleted file: \\clu082fs\MoveIT-Sync\SRV504GMC\SRV650FTP\uulive\prod\PS Change to Core Standard (387) 19.06.2026.docx
2026-06-18 14:38:40 - Deleted file: \\clu082fs\MoveIT-Sync\SRV504GMC\SRV650FTP\uulive\prod\PS Welcome Letter Standard (1109) 19.06.2026.docx
2026-06-18 14:38:41 - Deleted file: \\clu082fs\MoveIT-Sync\SRV504GMC\SRV650FTP\uulive\prod\PS Welcome Letters Large Print & Blue Paper (1) 19.06.2026.docx
2026-06-18 14:38:41 - Deleted file: \\clu082fs\MoveIT-Sync\SRV504GMC\SRV650FTP\uulive\prod\PS Welcome Letters Large Print (16) 19.06.2026.docx
2026-06-18 14:38:41 - Deleted file: \\clu082fs\MoveIT-Sync\SRV504GMC\SRV650FTP\uulive\prod\18-06-2026 - PROIN3 Screw Letters LBG with10563b FIRST CLASS - 1091 items.docx
2026-06-18 14:38:43 - Modified file: \\clu082fs\MoveIT-Sync\SRV504GMC\SRV650FTP\uulive\prod\18-06-2026 - PROIN5 Screw Letters No LBG FIRST CLASS - 67 items.docx
2026-06-18 14:38:43 - Modified file: \\clu082fs\MoveIT-Sync\SRV504GMC\SRV650FTP\uulive\prod\18-06-2026 - PROIN5 Screw Letters No LBG FIRST CLASS - 67 items.docx
2026-06-18 14:38:43 - Modified file: \\clu082fs\MoveIT-Sync\SRV504GMC\SRV650FTP\uulive\prod\18-06-2026 - PROIN5 Screw Letters No LBG FIRST CLASS - 67 items.docx
2026-06-18 14:38:44 - Modified file: \\clu082fs\MoveIT-Sync\SRV504GMC\SRV650FTP\uulive\prod\PS Change to Core Large Print (15) 19.06.2026.docx
2026-06-18 14:38:44 - Modified file: \\clu082fs\MoveIT-Sync\SRV504GMC\SRV650FTP\uulive\prod\PS Change to Core Large Print (15) 19.06.2026.docx
2026-06-18 14:38:44 - Modified file: \\clu082fs\MoveIT-Sync\SRV504GMC\SRV650FTP\uulive\prod\PS Change to Core Large Print (15) 19.06.2026.docx
2026-06-18 14:38:44 - Modified file: \\clu082fs\MoveIT-Sync\SRV504GMC\SRV650FTP\uulive\prod\PS Change to Core Large Print Lemon Paper (1) 19.06.2026.docx
2026-06-18 14:38:44 - Modified file: \\clu082fs\MoveIT-Sync\SRV504GMC\SRV650FTP\uulive\prod\PS Change to Core Large Print Lemon Paper (1) 19.06.2026.docx
2026-06-18 14:38:44 - Modified file: \\clu082fs\MoveIT-Sync\SRV504GMC\SRV650FTP\uulive\prod\PS Change to Core Large Print Lemon Paper (1) 19.06.2026.docx
2026-06-18 14:38:44 - Modified file: \\clu082fs\MoveIT-Sync\SRV504GMC\SRV650FTP\uulive\prod\PS Change to Core Standard (387) 19.06.2026.docx
2026-06-18 14:38:45 - Modified file: \\clu082fs\MoveIT-Sync\SRV504GMC\SRV650FTP\uulive\prod\PS Change to Core Standard (387) 19.06.2026.docx
2026-06-18 14:38:45 - Modified file: \\clu082fs\MoveIT-Sync\SRV504GMC\SRV650FTP\uulive\prod\PS Change to Core Standard (387) 19.06.2026.docx
2026-06-18 14:38:45 - Modified file: \\clu082fs\MoveIT-Sync\SRV504GMC\SRV650FTP\uulive\prod\PS Welcome Letter Standard (1109) 19.06.2026.docx
2026-06-18 14:38:45 - Modified file: \\clu082fs\MoveIT-Sync\SRV504GMC\SRV650FTP\uulive\prod\PS Welcome Letter Standard (1109) 19.06.2026.docx
2026-06-18 14:38:45 - Modified file: \\clu082fs\MoveIT-Sync\SRV504GMC\SRV650FTP\uulive\prod\PS Welcome Letter Standard (1109) 19.06.2026.docx
2026-06-18 14:38:46 - Modified file: \\clu082fs\MoveIT-Sync\SRV504GMC\SRV650FTP\uulive\prod\PS Welcome Letters Large Print & Blue Paper (1) 19.06.2026.docx
2026-06-18 14:38:46 - Modified file: \\clu082fs\MoveIT-Sync\SRV504GMC\SRV650FTP\uulive\prod\PS Welcome Letters Large Print & Blue Paper (1) 19.06.2026.docx
2026-06-18 14:38:46 - Modified file: \\clu082fs\MoveIT-Sync\SRV504GMC\SRV650FTP\uulive\prod\PS Welcome Letters Large Print & Blue Paper (1) 19.06.2026.docx
2026-06-18 14:38:46 - Modified file: \\clu082fs\MoveIT-Sync\SRV504GMC\SRV650FTP\uulive\prod\PS Welcome Letters Large Print (16) 19.06.2026.docx
2026-06-18 14:38:46 - Modified file: \\clu082fs\MoveIT-Sync\SRV504GMC\SRV650FTP\uulive\prod\PS Welcome Letters Large Print (16) 19.06.2026.docx
2026-06-18 14:38:46 - Modified file: \\clu082fs\MoveIT-Sync\SRV504GMC\SRV650FTP\uulive\prod\PS Welcome Letters Large Print (16) 19.06.2026.docx
2026-06-18 14:38:46 - Modified file: \\clu082fs\MoveIT-Sync\SRV504GMC\SRV650FTP\uulive\prod\18-06-2026 - PROIN3 Screw Letters LBG with10563b FIRST CLASS - 1091 items.docx
2026-06-18 14:38:46 - Modified file: \\clu082fs\MoveIT-Sync\SRV504GMC\SRV650FTP\uulive\prod\18-06-2026 - PROIN3 Screw Letters LBG with10563b FIRST CLASS - 1091 items.docx
2026-06-18 14:38:46 - Modified file: \\clu082fs\MoveIT-Sync\SRV504GMC\SRV650FTP\uulive\prod\18-06-2026 - PROIN3 Screw Letters LBG with10563b FIRST CLASS - 1091 items.docx
2026-06-18 14:38:50 - Deleted file: \\clu082fs\MoveIT-Sync\SRV504GMC\SRV650FTP\uulive\prod\18-06-2026 - PROIN5 Screw Letters No LBG FIRST CLASS - 67 items.docx
2026-06-18 14:38:50 - Deleted file: \\clu082fs\MoveIT-Sync\SRV504GMC\SRV650FTP\uulive\prod\PS Change to Core Large Print (15) 19.06.2026.docx
2026-06-18 14:38:50 - Deleted file: \\clu082fs\MoveIT-Sync\SRV504GMC\SRV650FTP\uulive\prod\PS Change to Core Large Print Lemon Paper (1) 19.06.2026.docx
2026-06-18 14:38:50 - Deleted file: \\clu082fs\MoveIT-Sync\SRV504GMC\SRV650FTP\uulive\prod\PS Change to Core Standard (387) 19.06.2026.docx
2026-06-18 14:38:50 - Deleted file: \\clu082fs\MoveIT-Sync\SRV504GMC\SRV650FTP\uulive\prod\PS Welcome Letter Standard (1109) 19.06.2026.docx
2026-06-18 14:38:50 - Deleted file: \\clu082fs\MoveIT-Sync\SRV504GMC\SRV650FTP\uulive\prod\PS Welcome Letters Large Print & Blue Paper (1) 19.06.2026.docx
2026-06-18 14:38:50 - Deleted file: \\clu082fs\MoveIT-Sync\SRV504GMC\SRV650FTP\uulive\prod\PS Welcome Letters Large Print (16) 19.06.2026.docx
2026-06-18 14:38:50 - Deleted file: \\clu082fs\MoveIT-Sync\SRV504GMC\SRV650FTP\uulive\prod\18-06-2026 - PROIN3 Screw Letters LBG with10563b FIRST CLASS - 1091 items.docx
2026-06-18 15:02:47 - Modified file: \\clu082fs\MoveIT-Sync\SRV504GMC\SRV650FTP\uulive\prod\PS Change to Core Large Print Lemon Paper (1) 19.06.2026.docx
2026-06-18 15:02:47 - Modified file: \\clu082fs\MoveIT-Sync\SRV504GMC\SRV650FTP\uulive\prod\PS Change to Core Large Print Lemon Paper (1) 19.06.2026.docx
2026-06-18 15:02:47 - Modified file: \\clu082fs\MoveIT-Sync\SRV504GMC\SRV650FTP\uulive\prod\PS Change to Core Large Print Lemon Paper (1) 19.06.2026.docx
2026-06-18 15:02:48 - Modified file: \\clu082fs\MoveIT-Sync\SRV504GMC\SRV650FTP\uulive\prod\PS Welcome Letters Large Print & Blue Paper (1) 19.06.2026.docx
2026-06-18 15:02:48 - Modified file: \\clu082fs\MoveIT-Sync\SRV504GMC\SRV650FTP\uulive\prod\PS Welcome Letters Large Print & Blue Paper (1) 19.06.2026.docx
2026-06-18 15:02:48 - Modified file: \\clu082fs\MoveIT-Sync\SRV504GMC\SRV650FTP\uulive\prod\PS Welcome Letters Large Print & Blue Paper (1) 19.06.2026.docx
2026-06-18 15:02:50 - Deleted file: \\clu082fs\MoveIT-Sync\SRV504GMC\SRV650FTP\uulive\prod\PS Change to Core Large Print Lemon Paper (1) 19.06.2026.docx
2026-06-18 15:02:50 - Deleted file: \\clu082fs\MoveIT-Sync\SRV504GMC\SRV650FTP\uulive\prod\PS Welcome Letters Large Print & Blue Paper (1) 19.06.2026.docx
2026-06-23 14:45:04 - Modified file: \\clu082fs\MoveIT-Sync\SRV504GMC\SRV650FTP\uulive\prod\23-06-2026 - NHH Warm Letter with booklet - 7593 items.docx
2026-06-23 14:45:04 - Modified file: \\clu082fs\MoveIT-Sync\SRV504GMC\SRV650FTP\uulive\prod\23-06-2026 - NHH Warm Letter with booklet - 7593 items.docx
2026-06-23 14:45:04 - Modified file: \\clu082fs\MoveIT-Sync\SRV504GMC\SRV650FTP\uulive\prod\23-06-2026 - NHH Warm Letter with booklet - 7593 items.docx
2026-06-23 14:45:04 - Modified file: \\clu082fs\MoveIT-Sync\SRV504GMC\SRV650FTP\uulive\prod\23-06-2026 - NHH Warm Letter with booklet FIRST CLASS - 4855 items.docx
2026-06-23 14:45:04 - Modified file: \\clu082fs\MoveIT-Sync\SRV504GMC\SRV650FTP\uulive\prod\23-06-2026 - NHH Warm Letter with booklet FIRST CLASS - 4855 items.docx
2026-06-23 14:45:04 - Modified file: \\clu082fs\MoveIT-Sync\SRV504GMC\SRV650FTP\uulive\prod\23-06-2026 - NHH Warm Letter with booklet FIRST CLASS - 4855 items.docx
2026-06-23 14:45:11 - Modified file: \\clu082fs\MoveIT-Sync\SRV504GMC\SRV650FTP\uulive\prod\23-06-2026 - NHH Warm Letter with booklet - 7593 items.docx
2026-06-23 14:45:11 - Modified file: \\clu082fs\MoveIT-Sync\SRV504GMC\SRV650FTP\uulive\prod\23-06-2026 - NHH Warm Letter with booklet FIRST CLASS - 4855 items.docx
2026-06-23 14:45:12 - Deleted file: \\clu082fs\MoveIT-Sync\SRV504GMC\SRV650FTP\uulive\prod\23-06-2026 - NHH Warm Letter with booklet - 7593 items.docx
2026-06-23 14:45:12 - Deleted file: \\clu082fs\MoveIT-Sync\SRV504GMC\SRV650FTP\uulive\prod\23-06-2026 - NHH Warm Letter with booklet FIRST CLASS - 4855 items.docx
2026-07-02 14:26:54 - Deleted file: \\clu082fs\MoveIT-Sync\SRV504GMC\SRV650FTP\uulive\prod\PS Welcome Letters Large Print (11) 03.07.2026.docx
2026-07-02 14:26:54 - Deleted file: \\clu082fs\MoveIT-Sync\SRV504GMC\SRV650FTP\uulive\prod\PS Change to Core Standard (387) 02.07.2026.docx
2026-07-02 14:26:54 - Deleted file: \\clu082fs\MoveIT-Sync\SRV504GMC\SRV650FTP\uulive\prod\PS Change to Core Standard LARGE PRINT (12) 03.07.2026.docx
2026-07-02 14:26:54 - Deleted file: \\clu082fs\MoveIT-Sync\SRV504GMC\SRV650FTP\uulive\prod\PS Welcome Letter BRAILLE (1) 03.07.2026.docx
2026-07-02 14:26:54 - Deleted file: \\clu082fs\MoveIT-Sync\SRV504GMC\SRV650FTP\uulive\prod\PS Welcome Letter Standard (1017) 03.07.2026.docx
2026-07-02 14:26:57 - Modified file: \\clu082fs\MoveIT-Sync\SRV504GMC\SRV650FTP\uulive\prod\PS Welcome Letters Large Print (11) 03.07.2026.docx
2026-07-02 14:26:57 - Modified file: \\clu082fs\MoveIT-Sync\SRV504GMC\SRV650FTP\uulive\prod\PS Welcome Letters Large Print (11) 03.07.2026.docx
2026-07-02 14:26:57 - Modified file: \\clu082fs\MoveIT-Sync\SRV504GMC\SRV650FTP\uulive\prod\PS Welcome Letters Large Print (11) 03.07.2026.docx
2026-07-02 14:26:57 - Modified file: \\clu082fs\MoveIT-Sync\SRV504GMC\SRV650FTP\uulive\prod\PS Change to Core Standard (387) 02.07.2026.docx
2026-07-02 14:26:57 - Modified file: \\clu082fs\MoveIT-Sync\SRV504GMC\SRV650FTP\uulive\prod\PS Change to Core Standard (387) 02.07.2026.docx
2026-07-02 14:26:57 - Modified file: \\clu082fs\MoveIT-Sync\SRV504GMC\SRV650FTP\uulive\prod\PS Change to Core Standard (387) 02.07.2026.docx
2026-07-02 14:26:57 - Modified file: \\clu082fs\MoveIT-Sync\SRV504GMC\SRV650FTP\uulive\prod\PS Change to Core Standard LARGE PRINT (12) 03.07.2026.docx
2026-07-02 14:26:57 - Modified file: \\clu082fs\MoveIT-Sync\SRV504GMC\SRV650FTP\uulive\prod\PS Change to Core Standard LARGE PRINT (12) 03.07.2026.docx
2026-07-02 14:26:57 - Modified file: \\clu082fs\MoveIT-Sync\SRV504GMC\SRV650FTP\uulive\prod\PS Change to Core Standard LARGE PRINT (12) 03.07.2026.docx
2026-07-02 14:26:58 - Modified file: \\clu082fs\MoveIT-Sync\SRV504GMC\SRV650FTP\uulive\prod\PS Welcome Letter BRAILLE (1) 03.07.2026.docx
2026-07-02 14:26:58 - Modified file: \\clu082fs\MoveIT-Sync\SRV504GMC\SRV650FTP\uulive\prod\PS Welcome Letter BRAILLE (1) 03.07.2026.docx
2026-07-02 14:26:58 - Modified file: \\clu082fs\MoveIT-Sync\SRV504GMC\SRV650FTP\uulive\prod\PS Welcome Letter BRAILLE (1) 03.07.2026.docx
2026-07-02 14:26:58 - Modified file: \\clu082fs\MoveIT-Sync\SRV504GMC\SRV650FTP\uulive\prod\PS Welcome Letter Standard (1017) 03.07.2026.docx
2026-07-02 14:26:58 - Modified file: \\clu082fs\MoveIT-Sync\SRV504GMC\SRV650FTP\uulive\prod\PS Welcome Letter Standard (1017) 03.07.2026.docx
2026-07-02 14:26:58 - Modified file: \\clu082fs\MoveIT-Sync\SRV504GMC\SRV650FTP\uulive\prod\PS Welcome Letter Standard (1017) 03.07.2026.docx
2026-07-02 14:27:01 - Deleted file: \\clu082fs\MoveIT-Sync\SRV504GMC\SRV650FTP\uulive\prod\PS Welcome Letters Large Print (11) 03.07.2026.docx
2026-07-02 14:27:01 - Deleted file: \\clu082fs\MoveIT-Sync\SRV504GMC\SRV650FTP\uulive\prod\PS Change to Core Standard (387) 02.07.2026.docx
2026-07-02 14:27:01 - Deleted file: \\clu082fs\MoveIT-Sync\SRV504GMC\SRV650FTP\uulive\prod\PS Change to Core Standard LARGE PRINT (12) 03.07.2026.docx
2026-07-02 14:27:01 - Deleted file: \\clu082fs\MoveIT-Sync\SRV504GMC\SRV650FTP\uulive\prod\PS Welcome Letter BRAILLE (1) 03.07.2026.docx
2026-07-02 14:27:01 - Deleted file: \\clu082fs\MoveIT-Sync\SRV504GMC\SRV650FTP\uulive\prod\PS Welcome Letter Standard (1017) 03.07.2026.docx
2026-07-16 16:15:03 - Modified file: \\clu082fs\MoveIT-Sync\SRV504GMC\SRV650FTP\uulive\prod\PS Change to Core BRAILLE (1) 17.07.2026.docx
2026-07-16 16:15:03 - Modified file: \\clu082fs\MoveIT-Sync\SRV504GMC\SRV650FTP\uulive\prod\PS Change to Core BRAILLE (1) 17.07.2026.docx
2026-07-16 16:15:03 - Modified file: \\clu082fs\MoveIT-Sync\SRV504GMC\SRV650FTP\uulive\prod\PS Change to Core Large Print (17) 17.07.2026.docx
2026-07-16 16:15:03 - Modified file: \\clu082fs\MoveIT-Sync\SRV504GMC\SRV650FTP\uulive\prod\PS Change to Core Large Print (17) 17.07.2026.docx
2026-07-16 16:15:03 - Modified file: \\clu082fs\MoveIT-Sync\SRV504GMC\SRV650FTP\uulive\prod\PS Change to Core Standard (378) 17.07.2026.docx
2026-07-16 16:15:03 - Modified file: \\clu082fs\MoveIT-Sync\SRV504GMC\SRV650FTP\uulive\prod\PS Change to Core Standard (378) 17.07.2026.docx
2026-07-16 16:15:03 - Modified file: \\clu082fs\MoveIT-Sync\SRV504GMC\SRV650FTP\uulive\prod\PS Change to Core Standard (378) 17.07.2026.docx
2026-07-16 16:15:03 - Modified file: \\clu082fs\MoveIT-Sync\SRV504GMC\SRV650FTP\uulive\prod\PS Change to Core YELLOW (1) 17.07.2026.docx
2026-07-16 16:15:03 - Modified file: \\clu082fs\MoveIT-Sync\SRV504GMC\SRV650FTP\uulive\prod\PS Change to Core YELLOW (1) 17.07.2026.docx
2026-07-16 16:15:03 - Modified file: \\clu082fs\MoveIT-Sync\SRV504GMC\SRV650FTP\uulive\prod\PS Welcome Letter Large Print (9) 17.07.2026.docx
2026-07-16 16:15:03 - Modified file: \\clu082fs\MoveIT-Sync\SRV504GMC\SRV650FTP\uulive\prod\PS Welcome Letter Large Print (9) 17.07.2026.docx
2026-07-16 16:15:03 - Modified file: \\clu082fs\MoveIT-Sync\SRV504GMC\SRV650FTP\uulive\prod\PS Welcome Letter Large Print (9) 17.07.2026.docx
2026-07-16 16:15:03 - Modified file: \\clu082fs\MoveIT-Sync\SRV504GMC\SRV650FTP\uulive\prod\PS Welcome Letter Standard (908) 17.07.2026.docx
2026-07-16 16:15:03 - Modified file: \\clu082fs\MoveIT-Sync\SRV504GMC\SRV650FTP\uulive\prod\PS Welcome Letter Standard (908) 17.07.2026.docx
2026-07-16 16:15:03 - Modified file: \\clu082fs\MoveIT-Sync\SRV504GMC\SRV650FTP\uulive\prod\PS Welcome Letter Standard (908) 17.07.2026.docx
2026-07-16 16:15:12 - Modified file: \\clu082fs\MoveIT-Sync\SRV504GMC\SRV650FTP\uulive\prod\PS Change to Core Large Print (17) 17.07.2026.docx
2026-07-16 16:15:12 - Modified file: \\clu082fs\MoveIT-Sync\SRV504GMC\SRV650FTP\uulive\prod\PS Change to Core BRAILLE (1) 17.07.2026.docx
2026-07-16 16:15:12 - Modified file: \\clu082fs\MoveIT-Sync\SRV504GMC\SRV650FTP\uulive\prod\PS Change to Core Standard (378) 17.07.2026.docx
2026-07-16 16:15:12 - Modified file: \\clu082fs\MoveIT-Sync\SRV504GMC\SRV650FTP\uulive\prod\PS Change to Core YELLOW (1) 17.07.2026.docx
2026-07-16 16:15:12 - Deleted file: \\clu082fs\MoveIT-Sync\SRV504GMC\SRV650FTP\uulive\prod\PS Change to Core Large Print (17) 17.07.2026.docx
2026-07-16 16:15:12 - Modified file: \\clu082fs\MoveIT-Sync\SRV504GMC\SRV650FTP\uulive\prod\PS Welcome Letter Large Print (9) 17.07.2026.docx
2026-07-16 16:15:12 - Deleted file: \\clu082fs\MoveIT-Sync\SRV504GMC\SRV650FTP\uulive\prod\PS Change to Core BRAILLE (1) 17.07.2026.docx
2026-07-16 16:15:12 - Modified file: \\clu082fs\MoveIT-Sync\SRV504GMC\SRV650FTP\uulive\prod\PS Welcome Letter Standard (908) 17.07.2026.docx
2026-07-16 16:15:12 - Deleted file: \\clu082fs\MoveIT-Sync\SRV504GMC\SRV650FTP\uulive\prod\PS Change to Core Standard (378) 17.07.2026.docx
2026-07-16 16:15:12 - Deleted file: \\clu082fs\MoveIT-Sync\SRV504GMC\SRV650FTP\uulive\prod\PS Change to Core YELLOW (1) 17.07.2026.docx
2026-07-16 16:15:13 - Deleted file: \\clu082fs\MoveIT-Sync\SRV504GMC\SRV650FTP\uulive\prod\PS Welcome Letter Large Print (9) 17.07.2026.docx
2026-07-16 16:15:13 - Deleted file: \\clu082fs\MoveIT-Sync\SRV504GMC\SRV650FTP\uulive\prod\PS Welcome Letter Standard (908) 17.07.2026.docx
2026-07-23 12:45:03 - Modified file: \\clu082fs\MoveIT-Sync\SRV504GMC\SRV650FTP\uulive\prod\PS Welcome Letter Large Print (13) 24.07.2026.docx
2026-07-23 12:45:04 - Modified file: \\clu082fs\MoveIT-Sync\SRV504GMC\SRV650FTP\uulive\prod\PS Welcome Letter Large Print (13) 24.07.2026.docx
2026-07-23 12:45:04 - Modified file: \\clu082fs\MoveIT-Sync\SRV504GMC\SRV650FTP\uulive\prod\PS Welcome Letter Standard (998) 24.07.2026.docx
2026-07-23 12:45:04 - Modified file: \\clu082fs\MoveIT-Sync\SRV504GMC\SRV650FTP\uulive\prod\PS Welcome Letter Standard (998) 24.07.2026.docx
2026-07-23 12:45:04 - Modified file: \\clu082fs\MoveIT-Sync\SRV504GMC\SRV650FTP\uulive\prod\PS Welcome Letter Standard (998) 24.07.2026.docx
2026-07-23 12:45:04 - Modified file: \\clu082fs\MoveIT-Sync\SRV504GMC\SRV650FTP\uulive\prod\PS Welcome Letter Standard (998) 24.07.2026.docx
2026-07-23 12:45:04 - Modified file: \\clu082fs\MoveIT-Sync\SRV504GMC\SRV650FTP\uulive\prod\PS Welcome Letter Large Print (13) 24.07.2026.docx
2026-07-23 12:45:04 - Deleted file: \\clu082fs\MoveIT-Sync\SRV504GMC\SRV650FTP\uulive\prod\PS Welcome Letter Standard (998) 24.07.2026.docx
2026-07-23 12:45:04 - Deleted file: \\clu082fs\MoveIT-Sync\SRV504GMC\SRV650FTP\uulive\prod\PS Welcome Letter Large Print (13) 24.07.2026.docx
2026-07-23 13:45:03 - Modified file: \\clu082fs\MoveIT-Sync\SRV504GMC\SRV650FTP\uulive\prod\PS Change to Core BRAILLE (1) 24.07.2026.docx
2026-07-23 13:45:03 - Modified file: \\clu082fs\MoveIT-Sync\SRV504GMC\SRV650FTP\uulive\prod\PS Change to Core BRAILLE (1) 24.07.2026.docx
2026-07-23 13:45:03 - Modified file: \\clu082fs\MoveIT-Sync\SRV504GMC\SRV650FTP\uulive\prod\PS Change to Core BRAILLE (1) 24.07.2026.docx
2026-07-23 13:45:03 - Modified file: \\clu082fs\MoveIT-Sync\SRV504GMC\SRV650FTP\uulive\prod\PS Change to Core Large Print (17) 24.07.2026.docx
2026-07-23 13:45:03 - Modified file: \\clu082fs\MoveIT-Sync\SRV504GMC\SRV650FTP\uulive\prod\PS Change to Core Large Print (17) 24.07.2026.docx
2026-07-23 13:45:03 - Modified file: \\clu082fs\MoveIT-Sync\SRV504GMC\SRV650FTP\uulive\prod\PS Change to Core Large Print (17) 24.07.2026.docx
2026-07-23 13:45:03 - Modified file: \\clu082fs\MoveIT-Sync\SRV504GMC\SRV650FTP\uulive\prod\PS Change to Core Standard (420) 24.07.2026.docx
2026-07-23 13:45:03 - Modified file: \\clu082fs\MoveIT-Sync\SRV504GMC\SRV650FTP\uulive\prod\PS Change to Core Standard (420) 24.07.2026.docx
2026-07-23 13:45:03 - Modified file: \\clu082fs\MoveIT-Sync\SRV504GMC\SRV650FTP\uulive\prod\PS Change to Core Standard (420) 24.07.2026.docx
2026-07-23 13:45:06 - Modified file: \\clu082fs\MoveIT-Sync\SRV504GMC\SRV650FTP\uulive\prod\PS Change to Core BRAILLE (1) 24.07.2026.docx
2026-07-23 13:45:06 - Modified file: \\clu082fs\MoveIT-Sync\SRV504GMC\SRV650FTP\uulive\prod\PS Change to Core Large Print (17) 24.07.2026.docx
2026-07-23 13:45:06 - Modified file: \\clu082fs\MoveIT-Sync\SRV504GMC\SRV650FTP\uulive\prod\PS Change to Core Standard (420) 24.07.2026.docx
2026-07-23 13:45:10 - Deleted file: \\clu082fs\MoveIT-Sync\SRV504GMC\SRV650FTP\uulive\prod\PS Change to Core BRAILLE (1) 24.07.2026.docx
2026-07-23 13:45:10 - Deleted file: \\clu082fs\MoveIT-Sync\SRV504GMC\SRV650FTP\uulive\prod\PS Change to Core Large Print (17) 24.07.2026.docx
2026-07-23 13:45:10 - Deleted file: \\clu082fs\MoveIT-Sync\SRV504GMC\SRV650FTP\uulive\prod\PS Change to Core Standard (420) 24.07.2026.docx
2026-07-23 13:50:55 - Modified file: \\clu082fs\MoveIT-Sync\SRV504GMC\SRV650FTP\uulive\prod\PS Change to Core BRAILLE (1) 24.07.2026.docx
2026-07-23 13:50:55 - Modified file: \\clu082fs\MoveIT-Sync\SRV504GMC\SRV650FTP\uulive\prod\PS Change to Core BRAILLE (1) 24.07.2026.docx
2026-07-23 13:50:55 - Modified file: \\clu082fs\MoveIT-Sync\SRV504GMC\SRV650FTP\uulive\prod\PS Change to Core BRAILLE (1) 24.07.2026.docx
2026-07-23 13:50:59 - Deleted file: \\clu082fs\MoveIT-Sync\SRV504GMC\SRV650FTP\uulive\prod\PS Change to Core BRAILLE (1) 24.07.2026.docx
2026-07-29 09:20:18 - Deleted file: \\clu082fs\MoveIT-Sync\SRV504GMC\SRV650FTP\uulive\prod\Newton-le-willows trail letters 413 28-07-2026.docx
2026-07-29 09:20:18 - Deleted file: \\clu082fs\MoveIT-Sync\SRV504GMC\SRV650FTP\uulive\prod\newton le willows large print 3 28-07-2026.docx
2026-07-29 09:20:21 - Modified file: \\clu082fs\MoveIT-Sync\SRV504GMC\SRV650FTP\uulive\prod\Newton-le-willows trail letters 413 28-07-2026.docx
2026-07-29 09:20:21 - Modified file: \\clu082fs\MoveIT-Sync\SRV504GMC\SRV650FTP\uulive\prod\Newton-le-willows trail letters 413 28-07-2026.docx
2026-07-29 09:20:21 - Modified file: \\clu082fs\MoveIT-Sync\SRV504GMC\SRV650FTP\uulive\prod\Newton-le-willows trail letters 413 28-07-2026.docx
2026-07-29 09:20:21 - Modified file: \\clu082fs\MoveIT-Sync\SRV504GMC\SRV650FTP\uulive\prod\newton le willows large print 3 28-07-2026.docx
2026-07-29 09:20:21 - Modified file: \\clu082fs\MoveIT-Sync\SRV504GMC\SRV650FTP\uulive\prod\newton le willows large print 3 28-07-2026.docx
2026-07-29 09:20:21 - Modified file: \\clu082fs\MoveIT-Sync\SRV504GMC\SRV650FTP\uulive\prod\newton le willows large print 3 28-07-2026.docx
2026-07-29 09:20:24 - Deleted file: \\clu082fs\MoveIT-Sync\SRV504GMC\SRV650FTP\uulive\prod\Newton-le-willows trail letters 413 28-07-2026.docx
2026-07-29 09:20:24 - Deleted file: \\clu082fs\MoveIT-Sync\SRV504GMC\SRV650FTP\uulive\prod\newton le willows large print 3 28-07-2026.docx
2026-07-30 13:30:06 - Modified file: \\clu082fs\MoveIT-Sync\SRV504GMC\SRV650FTP\uulive\prod\PS Welcome Letter Large Print (16) 31.07.2026.docx
2026-07-30 13:30:06 - Modified file: \\clu082fs\MoveIT-Sync\SRV504GMC\SRV650FTP\uulive\prod\PS Welcome Letter Large Print (16) 31.07.2026.docx
2026-07-30 13:30:06 - Modified file: \\clu082fs\MoveIT-Sync\SRV504GMC\SRV650FTP\uulive\prod\PS Welcome Letter Large Print BLUE (1) 31.07.2026.docx
2026-07-30 13:30:06 - Modified file: \\clu082fs\MoveIT-Sync\SRV504GMC\SRV650FTP\uulive\prod\PS Welcome Letter Large Print PINK (1) 31.07.2026.docx
2026-07-30 13:30:06 - Modified file: \\clu082fs\MoveIT-Sync\SRV504GMC\SRV650FTP\uulive\prod\PS Welcome Letter Large Print PINK (1) 31.07.2026.docx
2026-07-30 13:30:06 - Modified file: \\clu082fs\MoveIT-Sync\SRV504GMC\SRV650FTP\uulive\prod\PS Welcome Letter Large Print PINK (1) 31.07.2026.docx
2026-07-30 13:30:06 - Modified file: \\clu082fs\MoveIT-Sync\SRV504GMC\SRV650FTP\uulive\prod\PS Welcome Letter Large Print YELLOW (1) 31.07.2026.docx
2026-07-30 13:30:06 - Modified file: \\clu082fs\MoveIT-Sync\SRV504GMC\SRV650FTP\uulive\prod\PS Welcome Letter Large Print YELLOW (1) 31.07.2026.docx
2026-07-30 13:30:06 - Modified file: \\clu082fs\MoveIT-Sync\SRV504GMC\SRV650FTP\uulive\prod\PS Welcome Letter Large Print YELLOW (1) 31.07.2026.docx
2026-07-30 13:30:06 - Modified file: \\clu082fs\MoveIT-Sync\SRV504GMC\SRV650FTP\uulive\prod\PS Welcome Letter Standard (1090) 31.07.2026.docx
2026-07-30 13:30:06 - Modified file: \\clu082fs\MoveIT-Sync\SRV504GMC\SRV650FTP\uulive\prod\PS Welcome Letter Standard (1090) 31.07.2026.docx
2026-07-30 13:30:06 - Modified file: \\clu082fs\MoveIT-Sync\SRV504GMC\SRV650FTP\uulive\prod\PS Welcome Letter Standard (1090) 31.07.2026.docx
2026-07-30 13:30:14 - Modified file: \\clu082fs\MoveIT-Sync\SRV504GMC\SRV650FTP\uulive\prod\PS Welcome Letter Large Print (16) 31.07.2026.docx
2026-07-30 13:30:15 - Modified file: \\clu082fs\MoveIT-Sync\SRV504GMC\SRV650FTP\uulive\prod\PS Welcome Letter Large Print BLUE (1) 31.07.2026.docx
2026-07-30 13:30:15 - Deleted file: \\clu082fs\MoveIT-Sync\SRV504GMC\SRV650FTP\uulive\prod\PS Welcome Letter Large Print (16) 31.07.2026.docx
2026-07-30 13:30:15 - Modified file: \\clu082fs\MoveIT-Sync\SRV504GMC\SRV650FTP\uulive\prod\PS Welcome Letter Large Print PINK (1) 31.07.2026.docx
2026-07-30 13:30:15 - Deleted file: \\clu082fs\MoveIT-Sync\SRV504GMC\SRV650FTP\uulive\prod\PS Welcome Letter Large Print BLUE (1) 31.07.2026.docx
2026-07-30 13:30:15 - Modified file: \\clu082fs\MoveIT-Sync\SRV504GMC\SRV650FTP\uulive\prod\PS Welcome Letter Large Print YELLOW (1) 31.07.2026.docx
2026-07-30 13:30:15 - Deleted file: \\clu082fs\MoveIT-Sync\SRV504GMC\SRV650FTP\uulive\prod\PS Welcome Letter Large Print PINK (1) 31.07.2026.docx
2026-07-30 13:30:15 - Modified file: \\clu082fs\MoveIT-Sync\SRV504GMC\SRV650FTP\uulive\prod\PS Welcome Letter Standard (1090) 31.07.2026.docx
2026-07-30 13:30:15 - Deleted file: \\clu082fs\MoveIT-Sync\SRV504GMC\SRV650FTP\uulive\prod\PS Welcome Letter Large Print YELLOW (1) 31.07.2026.docx
2026-07-30 13:30:15 - Deleted file: \\clu082fs\MoveIT-Sync\SRV504GMC\SRV650FTP\uulive\prod\PS Welcome Letter Standard (1090) 31.07.2026.docx
2026-07-30 15:00:05 - Modified file: \\clu082fs\MoveIT-Sync\SRV504GMC\SRV650FTP\uulive\prod\PS Change to Core Large Print (22) 31.07.2026.docx
2026-07-30 15:00:05 - Modified file: \\clu082fs\MoveIT-Sync\SRV504GMC\SRV650FTP\uulive\prod\PS Change to Core Large Print (22) 31.07.2026.docx
2026-07-30 15:00:05 - Modified file: \\clu082fs\MoveIT-Sync\SRV504GMC\SRV650FTP\uulive\prod\PS Change to Core Large Print (22) 31.07.2026.docx
2026-07-30 15:00:05 - Modified file: \\clu082fs\MoveIT-Sync\SRV504GMC\SRV650FTP\uulive\prod\PS Change to Core Standard (443) 31.07.2026.docx
2026-07-30 15:00:05 - Modified file: \\clu082fs\MoveIT-Sync\SRV504GMC\SRV650FTP\uulive\prod\PS Change to Core Standard (443) 31.07.2026.docx
2026-07-30 15:00:05 - Modified file: \\clu082fs\MoveIT-Sync\SRV504GMC\SRV650FTP\uulive\prod\PS Change to Core Standard (443) 31.07.2026.docx
2026-07-30 15:00:06 - Modified file: \\clu082fs\MoveIT-Sync\SRV504GMC\SRV650FTP\uulive\prod\PS Change to Core Large Print (22) 31.07.2026.docx
2026-07-30 15:00:07 - Modified file: \\clu082fs\MoveIT-Sync\SRV504GMC\SRV650FTP\uulive\prod\PS Change to Core Standard (443) 31.07.2026.docx
2026-07-30 15:00:07 - Deleted file: \\clu082fs\MoveIT-Sync\SRV504GMC\SRV650FTP\uulive\prod\PS Change to Core Large Print (22) 31.07.2026.docx
2026-07-30 15:00:09 - Deleted file: \\clu082fs\MoveIT-Sync\SRV504GMC\SRV650FTP\uulive\prod\PS Change to Core Standard (443) 31.07.2026.docx
2026-08-13 14:47:37 - Deleted file: \\clu082fs\MoveIT-Sync\SRV504GMC\SRV650FTP\uulive\prod\PS Welcome Letter Large Print WHITE PAPER BLACK TEXT ONLY (1) 14.08.2026.docx
2026-08-13 14:47:37 - Deleted file: \\clu082fs\MoveIT-Sync\SRV504GMC\SRV650FTP\uulive\prod\PS Change to Core Standard (1) 14.08.2026.docx
2026-08-13 14:47:37 - Deleted file: \\clu082fs\MoveIT-Sync\SRV504GMC\SRV650FTP\uulive\prod\PS Change to Core Large Print (22) 14.08.2026.docx
2026-08-13 14:47:37 - Deleted file: \\clu082fs\MoveIT-Sync\SRV504GMC\SRV650FTP\uulive\prod\PS Change to Core Standard (455) 14.08.2026.docx
2026-08-13 14:47:37 - Deleted file: \\clu082fs\MoveIT-Sync\SRV504GMC\SRV650FTP\uulive\prod\PS Welcome Letter Large Print (10) 14.08.2026.docx
2026-08-13 14:47:37 - Deleted file: \\clu082fs\MoveIT-Sync\SRV504GMC\SRV650FTP\uulive\prod\PS Welcome Letter Large Print PINK NO STAPLES (1) 14.08.2026.docx
2026-08-13 14:47:37 - Deleted file: \\clu082fs\MoveIT-Sync\SRV504GMC\SRV650FTP\uulive\prod\PS Welcome Letter Standard (889) 14.08.2026.docx
2026-08-13 14:47:39 - Modified file: \\clu082fs\MoveIT-Sync\SRV504GMC\SRV650FTP\uulive\prod\PS Welcome Letter Large Print WHITE PAPER BLACK TEXT ONLY (1) 14.08.2026.docx
2026-08-13 14:47:39 - Modified file: \\clu082fs\MoveIT-Sync\SRV504GMC\SRV650FTP\uulive\prod\PS Welcome Letter Large Print WHITE PAPER BLACK TEXT ONLY (1) 14.08.2026.docx
2026-08-13 14:47:39 - Modified file: \\clu082fs\MoveIT-Sync\SRV504GMC\SRV650FTP\uulive\prod\PS Welcome Letter Large Print WHITE PAPER BLACK TEXT ONLY (1) 14.08.2026.docx
2026-08-13 14:47:39 - Modified file: \\clu082fs\MoveIT-Sync\SRV504GMC\SRV650FTP\uulive\prod\PS Change to Core Standard (1) 14.08.2026.docx
2026-08-13 14:47:39 - Modified file: \\clu082fs\MoveIT-Sync\SRV504GMC\SRV650FTP\uulive\prod\PS Change to Core Standard (1) 14.08.2026.docx
2026-08-13 14:47:39 - Modified file: \\clu082fs\MoveIT-Sync\SRV504GMC\SRV650FTP\uulive\prod\PS Change to Core Standard (1) 14.08.2026.docx
2026-08-13 14:47:40 - Modified file: \\clu082fs\MoveIT-Sync\SRV504GMC\SRV650FTP\uulive\prod\PS Change to Core Large Print (22) 14.08.2026.docx
2026-08-13 14:47:40 - Modified file: \\clu082fs\MoveIT-Sync\SRV504GMC\SRV650FTP\uulive\prod\PS Change to Core Large Print (22) 14.08.2026.docx
2026-08-13 14:47:40 - Modified file: \\clu082fs\MoveIT-Sync\SRV504GMC\SRV650FTP\uulive\prod\PS Change to Core Large Print (22) 14.08.2026.docx
2026-08-13 14:47:40 - Modified file: \\clu082fs\MoveIT-Sync\SRV504GMC\SRV650FTP\uulive\prod\PS Change to Core Standard (455) 14.08.2026.docx
2026-08-13 14:47:40 - Modified file: \\clu082fs\MoveIT-Sync\SRV504GMC\SRV650FTP\uulive\prod\PS Change to Core Standard (455) 14.08.2026.docx
2026-08-13 14:47:40 - Modified file: \\clu082fs\MoveIT-Sync\SRV504GMC\SRV650FTP\uulive\prod\PS Change to Core Standard (455) 14.08.2026.docx
2026-08-13 14:47:40 - Modified file: \\clu082fs\MoveIT-Sync\SRV504GMC\SRV650FTP\uulive\prod\PS Welcome Letter Large Print (10) 14.08.2026.docx
2026-08-13 14:47:40 - Modified file: \\clu082fs\MoveIT-Sync\SRV504GMC\SRV650FTP\uulive\prod\PS Welcome Letter Large Print (10) 14.08.2026.docx
2026-08-13 14:47:40 - Modified file: \\clu082fs\MoveIT-Sync\SRV504GMC\SRV650FTP\uulive\prod\PS Welcome Letter Large Print (10) 14.08.2026.docx
2026-08-13 14:47:40 - Modified file: \\clu082fs\MoveIT-Sync\SRV504GMC\SRV650FTP\uulive\prod\PS Welcome Letter Large Print PINK NO STAPLES (1) 14.08.2026.docx
2026-08-13 14:47:40 - Modified file: \\clu082fs\MoveIT-Sync\SRV504GMC\SRV650FTP\uulive\prod\PS Welcome Letter Large Print PINK NO STAPLES (1) 14.08.2026.docx
2026-08-13 14:47:40 - Modified file: \\clu082fs\MoveIT-Sync\SRV504GMC\SRV650FTP\uulive\prod\PS Welcome Letter Large Print PINK NO STAPLES (1) 14.08.2026.docx
2026-08-13 14:47:40 - Modified file: \\clu082fs\MoveIT-Sync\SRV504GMC\SRV650FTP\uulive\prod\PS Welcome Letter Standard (889) 14.08.2026.docx
2026-08-13 14:47:40 - Modified file: \\clu082fs\MoveIT-Sync\SRV504GMC\SRV650FTP\uulive\prod\PS Welcome Letter Standard (889) 14.08.2026.docx
2026-08-13 14:47:40 - Modified file: \\clu082fs\MoveIT-Sync\SRV504GMC\SRV650FTP\uulive\prod\PS Welcome Letter Standard (889) 14.08.2026.docx
2026-08-13 14:47:44 - Deleted file: \\clu082fs\MoveIT-Sync\SRV504GMC\SRV650FTP\uulive\prod\PS Welcome Letter Large Print WHITE PAPER BLACK TEXT ONLY (1) 14.08.2026.docx
2026-08-13 14:47:45 - Deleted file: \\clu082fs\MoveIT-Sync\SRV504GMC\SRV650FTP\uulive\prod\PS Change to Core Standard (1) 14.08.2026.docx
2026-08-13 14:47:45 - Deleted file: \\clu082fs\MoveIT-Sync\SRV504GMC\SRV650FTP\uulive\prod\PS Change to Core Large Print (22) 14.08.2026.docx
2026-08-13 14:47:45 - Deleted file: \\clu082fs\MoveIT-Sync\SRV504GMC\SRV650FTP\uulive\prod\PS Welcome Letter Large Print (10) 14.08.2026.docx
2026-08-13 14:47:45 - Deleted file: \\clu082fs\MoveIT-Sync\SRV504GMC\SRV650FTP\uulive\prod\PS Change to Core Standard (455) 14.08.2026.docx
2026-08-13 14:47:45 - Deleted file: \\clu082fs\MoveIT-Sync\SRV504GMC\SRV650FTP\uulive\prod\PS Welcome Letter Large Print PINK NO STAPLES (1) 14.08.2026.docx
2026-08-13 14:47:45 - Deleted file: \\clu082fs\MoveIT-Sync\SRV504GMC\SRV650FTP\uulive\prod\PS Welcome Letter Standard (889) 14.08.2026.docx
2026-08-20 16:36:16 - Deleted file: \\clu082fs\MoveIT-Sync\SRV504GMC\SRV650FTP\uulive\prod\PS Welcome Letter Standard (886) 21.08.2026.docx
2026-08-20 16:36:16 - Deleted file: \\clu082fs\MoveIT-Sync\SRV504GMC\SRV650FTP\uulive\prod\PS Change to Core Braille (2) 21.08.2026.docx
2026-08-20 16:36:16 - Deleted file: \\clu082fs\MoveIT-Sync\SRV504GMC\SRV650FTP\uulive\prod\PS Change to Core Large Print (14) 21.08.2026.docx
2026-08-20 16:36:16 - Deleted file: \\clu082fs\MoveIT-Sync\SRV504GMC\SRV650FTP\uulive\prod\PS Change to Core Standard (421) 21.08.2026.docx
2026-08-20 16:36:16 - Deleted file: \\clu082fs\MoveIT-Sync\SRV504GMC\SRV650FTP\uulive\prod\PS Welcome Letter Large Print (11) 21.08.2026.docx
2026-08-20 16:36:18 - Modified file: \\clu082fs\MoveIT-Sync\SRV504GMC\SRV650FTP\uulive\prod\PS Welcome Letter Standard (886) 21.08.2026.docx
2026-08-20 16:36:18 - Modified file: \\clu082fs\MoveIT-Sync\SRV504GMC\SRV650FTP\uulive\prod\PS Welcome Letter Standard (886) 21.08.2026.docx
2026-08-20 16:36:18 - Modified file: \\clu082fs\MoveIT-Sync\SRV504GMC\SRV650FTP\uulive\prod\PS Welcome Letter Standard (886) 21.08.2026.docx
2026-08-20 16:36:18 - Modified file: \\clu082fs\MoveIT-Sync\SRV504GMC\SRV650FTP\uulive\prod\PS Change to Core Braille (2) 21.08.2026.docx
2026-08-20 16:36:18 - Modified file: \\clu082fs\MoveIT-Sync\SRV504GMC\SRV650FTP\uulive\prod\PS Change to Core Braille (2) 21.08.2026.docx
2026-08-20 16:36:18 - Modified file: \\clu082fs\MoveIT-Sync\SRV504GMC\SRV650FTP\uulive\prod\PS Change to Core Braille (2) 21.08.2026.docx
2026-08-20 16:36:18 - Modified file: \\clu082fs\MoveIT-Sync\SRV504GMC\SRV650FTP\uulive\prod\PS Change to Core Large Print (14) 21.08.2026.docx
2026-08-20 16:36:19 - Modified file: \\clu082fs\MoveIT-Sync\SRV504GMC\SRV650FTP\uulive\prod\PS Change to Core Large Print (14) 21.08.2026.docx
2026-08-20 16:36:19 - Modified file: \\clu082fs\MoveIT-Sync\SRV504GMC\SRV650FTP\uulive\prod\PS Change to Core Large Print (14) 21.08.2026.docx
2026-08-20 16:36:19 - Modified file: \\clu082fs\MoveIT-Sync\SRV504GMC\SRV650FTP\uulive\prod\PS Change to Core Standard (421) 21.08.2026.docx
2026-08-20 16:36:19 - Modified file: \\clu082fs\MoveIT-Sync\SRV504GMC\SRV650FTP\uulive\prod\PS Change to Core Standard (421) 21.08.2026.docx
2026-08-20 16:36:19 - Modified file: \\clu082fs\MoveIT-Sync\SRV504GMC\SRV650FTP\uulive\prod\PS Change to Core Standard (421) 21.08.2026.docx
2026-08-20 16:36:19 - Modified file: \\clu082fs\MoveIT-Sync\SRV504GMC\SRV650FTP\uulive\prod\PS Welcome Letter Large Print (11) 21.08.2026.docx
2026-08-20 16:36:19 - Modified file: \\clu082fs\MoveIT-Sync\SRV504GMC\SRV650FTP\uulive\prod\PS Welcome Letter Large Print (11) 21.08.2026.docx
2026-08-20 16:36:19 - Modified file: \\clu082fs\MoveIT-Sync\SRV504GMC\SRV650FTP\uulive\prod\PS Welcome Letter Large Print (11) 21.08.2026.docx
2026-08-20 16:36:25 - Deleted file: \\clu082fs\MoveIT-Sync\SRV504GMC\SRV650FTP\uulive\prod\PS Welcome Letter Standard (886) 21.08.2026.docx
2026-08-20 16:36:26 - Deleted file: \\clu082fs\MoveIT-Sync\SRV504GMC\SRV650FTP\uulive\prod\PS Change to Core Braille (2) 21.08.2026.docx
2026-08-20 16:36:26 - Deleted file: \\clu082fs\MoveIT-Sync\SRV504GMC\SRV650FTP\uulive\prod\PS Change to Core Large Print (14) 21.08.2026.docx
2026-08-20 16:36:26 - Deleted file: \\clu082fs\MoveIT-Sync\SRV504GMC\SRV650FTP\uulive\prod\PS Welcome Letter Large Print (11) 21.08.2026.docx
2026-08-20 16:36:26 - Deleted file: \\clu082fs\MoveIT-Sync\SRV504GMC\SRV650FTP\uulive\prod\PS Change to Core Standard (421) 21.08.2026.docx
2026-08-28 11:08:18 - Deleted file: \\clu082fs\MoveIT-Sync\SRV504GMC\SRV650FTP\uulive\prod\PS Welcome Letter Standard (1040) 28.08.2026.docx
2026-08-28 11:08:18 - Deleted file: \\clu082fs\MoveIT-Sync\SRV504GMC\SRV650FTP\uulive\prod\PS Change to Core Braille (1) 28.08.2026.docx
2026-08-28 11:08:18 - Deleted file: \\clu082fs\MoveIT-Sync\SRV504GMC\SRV650FTP\uulive\prod\PS Change to Core Large Print (25) 28.08.2026.docx
2026-08-28 11:08:18 - Deleted file: \\clu082fs\MoveIT-Sync\SRV504GMC\SRV650FTP\uulive\prod\PS Change to Core Standard (511) 28.08.2026.docx
2026-08-28 11:08:18 - Deleted file: \\clu082fs\MoveIT-Sync\SRV504GMC\SRV650FTP\uulive\prod\PS Welcome Letter Braille (2) 28.08.2026.docx
2026-08-28 11:08:18 - Deleted file: \\clu082fs\MoveIT-Sync\SRV504GMC\SRV650FTP\uulive\prod\PS Welcome Letter Large Print & Blue Paper (1) 28.08.2026.docx
2026-08-28 11:08:18 - Deleted file: \\clu082fs\MoveIT-Sync\SRV504GMC\SRV650FTP\uulive\prod\PS Welcome Letter Large Print & Dark blue paper (1) 28.08.2026.docx
2026-08-28 11:08:18 - Deleted file: \\clu082fs\MoveIT-Sync\SRV504GMC\SRV650FTP\uulive\prod\PS Welcome Letter Large Print (17) 28.08.2026.docx
2026-08-28 11:08:21 - Modified file: \\clu082fs\MoveIT-Sync\SRV504GMC\SRV650FTP\uulive\prod\PS Welcome Letter Standard (1040) 28.08.2026.docx
2026-08-28 11:08:21 - Modified file: \\clu082fs\MoveIT-Sync\SRV504GMC\SRV650FTP\uulive\prod\PS Welcome Letter Standard (1040) 28.08.2026.docx
2026-08-28 11:08:21 - Modified file: \\clu082fs\MoveIT-Sync\SRV504GMC\SRV650FTP\uulive\prod\PS Welcome Letter Standard (1040) 28.08.2026.docx
2026-08-28 11:08:21 - Modified file: \\clu082fs\MoveIT-Sync\SRV504GMC\SRV650FTP\uulive\prod\PS Change to Core Braille (1) 28.08.2026.docx
2026-08-28 11:08:21 - Modified file: \\clu082fs\MoveIT-Sync\SRV504GMC\SRV650FTP\uulive\prod\PS Change to Core Braille (1) 28.08.2026.docx
2026-08-28 11:08:21 - Modified file: \\clu082fs\MoveIT-Sync\SRV504GMC\SRV650FTP\uulive\prod\PS Change to Core Braille (1) 28.08.2026.docx
2026-08-28 11:08:21 - Modified file: \\clu082fs\MoveIT-Sync\SRV504GMC\SRV650FTP\uulive\prod\PS Change to Core Large Print (25) 28.08.2026.docx
2026-08-28 11:08:21 - Modified file: \\clu082fs\MoveIT-Sync\SRV504GMC\SRV650FTP\uulive\prod\PS Change to Core Large Print (25) 28.08.2026.docx
2026-08-28 11:08:21 - Modified file: \\clu082fs\MoveIT-Sync\SRV504GMC\SRV650FTP\uulive\prod\PS Change to Core Large Print (25) 28.08.2026.docx
2026-08-28 11:08:21 - Modified file: \\clu082fs\MoveIT-Sync\SRV504GMC\SRV650FTP\uulive\prod\PS Change to Core Standard (511) 28.08.2026.docx
2026-08-28 11:08:21 - Modified file: \\clu082fs\MoveIT-Sync\SRV504GMC\SRV650FTP\uulive\prod\PS Change to Core Standard (511) 28.08.2026.docx
2026-08-28 11:08:21 - Modified file: \\clu082fs\MoveIT-Sync\SRV504GMC\SRV650FTP\uulive\prod\PS Change to Core Standard (511) 28.08.2026.docx
2026-08-28 11:08:21 - Modified file: \\clu082fs\MoveIT-Sync\SRV504GMC\SRV650FTP\uulive\prod\PS Welcome Letter Braille (2) 28.08.2026.docx
2026-08-28 11:08:21 - Modified file: \\clu082fs\MoveIT-Sync\SRV504GMC\SRV650FTP\uulive\prod\PS Welcome Letter Braille (2) 28.08.2026.docx
2026-08-28 11:08:21 - Modified file: \\clu082fs\MoveIT-Sync\SRV504GMC\SRV650FTP\uulive\prod\PS Welcome Letter Braille (2) 28.08.2026.docx
2026-08-28 11:08:21 - Modified file: \\clu082fs\MoveIT-Sync\SRV504GMC\SRV650FTP\uulive\prod\PS Welcome Letter Large Print & Blue Paper (1) 28.08.2026.docx
2026-08-28 11:08:21 - Modified file: \\clu082fs\MoveIT-Sync\SRV504GMC\SRV650FTP\uulive\prod\PS Welcome Letter Large Print & Blue Paper (1) 28.08.2026.docx
2026-08-28 11:08:21 - Modified file: \\clu082fs\MoveIT-Sync\SRV504GMC\SRV650FTP\uulive\prod\PS Welcome Letter Large Print & Blue Paper (1) 28.08.2026.docx
2026-08-28 11:08:21 - Modified file: \\clu082fs\MoveIT-Sync\SRV504GMC\SRV650FTP\uulive\prod\PS Welcome Letter Large Print & Dark blue paper (1) 28.08.2026.docx
2026-08-28 11:08:21 - Modified file: \\clu082fs\MoveIT-Sync\SRV504GMC\SRV650FTP\uulive\prod\PS Welcome Letter Large Print & Dark blue paper (1) 28.08.2026.docx
2026-08-28 11:08:21 - Modified file: \\clu082fs\MoveIT-Sync\SRV504GMC\SRV650FTP\uulive\prod\PS Welcome Letter Large Print & Dark blue paper (1) 28.08.2026.docx
2026-08-28 11:08:22 - Modified file: \\clu082fs\MoveIT-Sync\SRV504GMC\SRV650FTP\uulive\prod\PS Welcome Letter Large Print (17) 28.08.2026.docx
2026-08-28 11:08:22 - Modified file: \\clu082fs\MoveIT-Sync\SRV504GMC\SRV650FTP\uulive\prod\PS Welcome Letter Large Print (17) 28.08.2026.docx
2026-08-28 11:08:22 - Modified file: \\clu082fs\MoveIT-Sync\SRV504GMC\SRV650FTP\uulive\prod\PS Welcome Letter Large Print (17) 28.08.2026.docx
2026-08-28 11:08:25 - Deleted file: \\clu082fs\MoveIT-Sync\SRV504GMC\SRV650FTP\uulive\prod\PS Welcome Letter Standard (1040) 28.08.2026.docx
2026-08-28 11:08:25 - Deleted file: \\clu082fs\MoveIT-Sync\SRV504GMC\SRV650FTP\uulive\prod\PS Change to Core Braille (1) 28.08.2026.docx
2026-08-28 11:08:25 - Deleted file: \\clu082fs\MoveIT-Sync\SRV504GMC\SRV650FTP\uulive\prod\PS Change to Core Large Print (25) 28.08.2026.docx
2026-08-28 11:08:25 - Deleted file: \\clu082fs\MoveIT-Sync\SRV504GMC\SRV650FTP\uulive\prod\PS Welcome Letter Braille (2) 28.08.2026.docx
2026-08-28 11:08:25 - Deleted file: \\clu082fs\MoveIT-Sync\SRV504GMC\SRV650FTP\uulive\prod\PS Welcome Letter Large Print & Dark blue paper (1) 28.08.2026.docx
2026-08-28 11:08:25 - Deleted file: \\clu082fs\MoveIT-Sync\SRV504GMC\SRV650FTP\uulive\prod\PS Welcome Letter Large Print & Blue Paper (1) 28.08.2026.docx
2026-08-28 11:08:25 - Deleted file: \\clu082fs\MoveIT-Sync\SRV504GMC\SRV650FTP\uulive\prod\PS Welcome Letter Large Print (17) 28.08.2026.docx
2026-08-28 11:08:25 - Deleted file: \\clu082fs\MoveIT-Sync\SRV504GMC\SRV650FTP\uulive\prod\PS Change to Core Standard (511) 28.08.2026.docx
2026-09-04 15:24:56 - Deleted file: \\clu082fs\MoveIT-Sync\SRV504GMC\SRV650FTP\uulive\prod\PS Welcome Letter Standard (690) 07.09.2026.docx
2026-09-04 15:24:56 - Deleted file: \\clu082fs\MoveIT-Sync\SRV504GMC\SRV650FTP\uulive\prod\PS Welcome Letter LARGE PRINT (11) 07.09.2026.docx
2026-09-04 15:24:56 - Deleted file: \\clu082fs\MoveIT-Sync\SRV504GMC\SRV650FTP\uulive\prod\PS Welcome Letter LARGE PRINT RED (1) 07.09.2026.docx
2026-09-04 15:24:56 - Deleted file: \\clu082fs\MoveIT-Sync\SRV504GMC\SRV650FTP\uulive\prod\PS Welcome Letter LARGE PRINT YELLOW (1) 07.09.2026.docx
2026-09-04 15:24:59 - Modified file: \\clu082fs\MoveIT-Sync\SRV504GMC\SRV650FTP\uulive\prod\PS Welcome Letter Standard (690) 07.09.2026.docx
2026-09-04 15:24:59 - Modified file: \\clu082fs\MoveIT-Sync\SRV504GMC\SRV650FTP\uulive\prod\PS Welcome Letter Standard (690) 07.09.2026.docx
2026-09-04 15:24:59 - Modified file: \\clu082fs\MoveIT-Sync\SRV504GMC\SRV650FTP\uulive\prod\PS Welcome Letter Standard (690) 07.09.2026.docx
2026-09-04 15:24:59 - Modified file: \\clu082fs\MoveIT-Sync\SRV504GMC\SRV650FTP\uulive\prod\PS Welcome Letter LARGE PRINT (11) 07.09.2026.docx
2026-09-04 15:24:59 - Modified file: \\clu082fs\MoveIT-Sync\SRV504GMC\SRV650FTP\uulive\prod\PS Welcome Letter LARGE PRINT (11) 07.09.2026.docx
2026-09-04 15:24:59 - Modified file: \\clu082fs\MoveIT-Sync\SRV504GMC\SRV650FTP\uulive\prod\PS Welcome Letter LARGE PRINT (11) 07.09.2026.docx
2026-09-04 15:24:59 - Modified file: \\clu082fs\MoveIT-Sync\SRV504GMC\SRV650FTP\uulive\prod\PS Welcome Letter LARGE PRINT RED (1) 07.09.2026.docx
2026-09-04 15:24:59 - Modified file: \\clu082fs\MoveIT-Sync\SRV504GMC\SRV650FTP\uulive\prod\PS Welcome Letter LARGE PRINT RED (1) 07.09.2026.docx
2026-09-04 15:24:59 - Modified file: \\clu082fs\MoveIT-Sync\SRV504GMC\SRV650FTP\uulive\prod\PS Welcome Letter LARGE PRINT RED (1) 07.09.2026.docx
2026-09-04 15:24:59 - Modified file: \\clu082fs\MoveIT-Sync\SRV504GMC\SRV650FTP\uulive\prod\PS Welcome Letter LARGE PRINT YELLOW (1) 07.09.2026.docx
2026-09-04 15:24:59 - Modified file: \\clu082fs\MoveIT-Sync\SRV504GMC\SRV650FTP\uulive\prod\PS Welcome Letter LARGE PRINT YELLOW (1) 07.09.2026.docx
2026-09-04 15:24:59 - Modified file: \\clu082fs\MoveIT-Sync\SRV504GMC\SRV650FTP\uulive\prod\PS Welcome Letter LARGE PRINT YELLOW (1) 07.09.2026.docx
2026-09-04 15:25:01 - Deleted file: \\clu082fs\MoveIT-Sync\SRV504GMC\SRV650FTP\uulive\prod\PS Welcome Letter Standard (690) 07.09.2026.docx
2026-09-04 15:25:01 - Deleted file: \\clu082fs\MoveIT-Sync\SRV504GMC\SRV650FTP\uulive\prod\PS Welcome Letter LARGE PRINT (11) 07.09.2026.docx
2026-09-04 15:25:01 - Deleted file: \\clu082fs\MoveIT-Sync\SRV504GMC\SRV650FTP\uulive\prod\PS Welcome Letter LARGE PRINT RED (1) 07.09.2026.docx
2026-09-04 15:25:01 - Deleted file: \\clu082fs\MoveIT-Sync\SRV504GMC\SRV650FTP\uulive\prod\PS Welcome Letter LARGE PRINT YELLOW (1) 07.09.2026.docx
2026-09-07 11:47:35 - Deleted file: \\clu082fs\MoveIT-Sync\SRV504GMC\SRV650FTP\uulive\prod\PS Change to Core Standard (349) 07.09.2026.docx
2026-09-07 11:47:35 - Deleted file: \\clu082fs\MoveIT-Sync\SRV504GMC\SRV650FTP\uulive\prod\PS Change to Core BRAILLE (1) 07.09.2026.docx
2026-09-07 11:47:35 - Deleted file: \\clu082fs\MoveIT-Sync\SRV504GMC\SRV650FTP\uulive\prod\PS Change to Core Large Print (15) 07.09.2026.docx
2026-09-07 11:47:36 - Modified file: \\clu082fs\MoveIT-Sync\SRV504GMC\SRV650FTP\uulive\prod\PS Change to Core Standard (349) 07.09.2026.docx
2026-09-07 11:47:36 - Modified file: \\clu082fs\MoveIT-Sync\SRV504GMC\SRV650FTP\uulive\prod\PS Change to Core Standard (349) 07.09.2026.docx
2026-09-07 11:47:36 - Modified file: \\clu082fs\MoveIT-Sync\SRV504GMC\SRV650FTP\uulive\prod\PS Change to Core Standard (349) 07.09.2026.docx
2026-09-07 11:47:36 - Modified file: \\clu082fs\MoveIT-Sync\SRV504GMC\SRV650FTP\uulive\prod\PS Change to Core BRAILLE (1) 07.09.2026.docx
2026-09-07 11:47:36 - Modified file: \\clu082fs\MoveIT-Sync\SRV504GMC\SRV650FTP\uulive\prod\PS Change to Core BRAILLE (1) 07.09.2026.docx
2026-09-07 11:47:36 - Modified file: \\clu082fs\MoveIT-Sync\SRV504GMC\SRV650FTP\uulive\prod\PS Change to Core BRAILLE (1) 07.09.2026.docx
2026-09-07 11:47:36 - Modified file: \\clu082fs\MoveIT-Sync\SRV504GMC\SRV650FTP\uulive\prod\PS Change to Core Large Print (15) 07.09.2026.docx
2026-09-07 11:47:36 - Modified file: \\clu082fs\MoveIT-Sync\SRV504GMC\SRV650FTP\uulive\prod\PS Change to Core Large Print (15) 07.09.2026.docx
2026-09-07 11:47:36 - Modified file: \\clu082fs\MoveIT-Sync\SRV504GMC\SRV650FTP\uulive\prod\PS Change to Core Large Print (15) 07.09.2026.docx
2026-09-07 11:47:43 - Deleted file: \\clu082fs\MoveIT-Sync\SRV504GMC\SRV650FTP\uulive\prod\PS Change to Core Standard (349) 07.09.2026.docx
2026-09-07 11:47:43 - Deleted file: \\clu082fs\MoveIT-Sync\SRV504GMC\SRV650FTP\uulive\prod\PS Change to Core Large Print (15) 07.09.2026.docx
2026-09-07 11:47:43 - Deleted file: \\clu082fs\MoveIT-Sync\SRV504GMC\SRV650FTP\uulive\prod\PS Change to Core BRAILLE (1) 07.09.2026.docx
2026-09-10 13:45:03 - Modified file: \\clu082fs\MoveIT-Sync\SRV504GMC\SRV650FTP\uulive\prod\PS Welcome Letter BRAILLE (1) 11.09.2026.docx
2026-09-10 13:45:03 - Modified file: \\clu082fs\MoveIT-Sync\SRV504GMC\SRV650FTP\uulive\prod\PS Welcome Letter BRAILLE (1) 11.09.2026.docx
2026-09-10 13:45:03 - Modified file: \\clu082fs\MoveIT-Sync\SRV504GMC\SRV650FTP\uulive\prod\PS Welcome Letter LARGE PRINT (13) 10.09.2026.docx
2026-09-10 13:45:03 - Modified file: \\clu082fs\MoveIT-Sync\SRV504GMC\SRV650FTP\uulive\prod\PS Welcome Letter LARGE PRINT (13) 10.09.2026.docx
2026-09-10 13:45:03 - Modified file: \\clu082fs\MoveIT-Sync\SRV504GMC\SRV650FTP\uulive\prod\PS Welcome Letter LARGE PRINT (13) 10.09.2026.docx
2026-09-10 13:45:03 - Modified file: \\clu082fs\MoveIT-Sync\SRV504GMC\SRV650FTP\uulive\prod\PS Welcome Letter Standard (990) 11.09.2026.docx
2026-09-10 13:45:03 - Modified file: \\clu082fs\MoveIT-Sync\SRV504GMC\SRV650FTP\uulive\prod\PS Welcome Letter Standard (990) 11.09.2026.docx
2026-09-10 13:45:04 - Modified file: \\clu082fs\MoveIT-Sync\SRV504GMC\SRV650FTP\uulive\prod\PS Welcome Letter Standard (990) 11.09.2026.docx
2026-09-10 13:45:10 - Modified file: \\clu082fs\MoveIT-Sync\SRV504GMC\SRV650FTP\uulive\prod\PS Welcome Letter LARGE PRINT (13) 10.09.2026.docx
2026-09-10 13:45:10 - Modified file: \\clu082fs\MoveIT-Sync\SRV504GMC\SRV650FTP\uulive\prod\PS Welcome Letter Standard (990) 11.09.2026.docx
2026-09-10 13:45:10 - Modified file: \\clu082fs\MoveIT-Sync\SRV504GMC\SRV650FTP\uulive\prod\PS Welcome Letter BRAILLE (1) 11.09.2026.docx
2026-09-10 13:45:11 - Deleted file: \\clu082fs\MoveIT-Sync\SRV504GMC\SRV650FTP\uulive\prod\PS Welcome Letter LARGE PRINT (13) 10.09.2026.docx
2026-09-10 13:45:11 - Deleted file: \\clu082fs\MoveIT-Sync\SRV504GMC\SRV650FTP\uulive\prod\PS Welcome Letter Standard (990) 11.09.2026.docx
2026-09-10 13:45:11 - Deleted file: \\clu082fs\MoveIT-Sync\SRV504GMC\SRV650FTP\uulive\prod\PS Welcome Letter BRAILLE (1) 11.09.2026.docx
2026-09-10 14:45:03 - Modified file: \\clu082fs\MoveIT-Sync\SRV504GMC\SRV650FTP\uulive\prod\PS Change to Core Large Print (14) 11.09.2026.docx
2026-09-10 14:45:03 - Modified file: \\clu082fs\MoveIT-Sync\SRV504GMC\SRV650FTP\uulive\prod\PS Change to Core Large Print (14) 11.09.2026.docx
2026-09-10 14:45:03 - Modified file: \\clu082fs\MoveIT-Sync\SRV504GMC\SRV650FTP\uulive\prod\PS Change to Core Large Print (14) 11.09.2026.docx
2026-09-10 14:45:03 - Modified file: \\clu082fs\MoveIT-Sync\SRV504GMC\SRV650FTP\uulive\prod\PS Change to Core Standard (397) 11.09.2026.docx
2026-09-10 14:45:03 - Modified file: \\clu082fs\MoveIT-Sync\SRV504GMC\SRV650FTP\uulive\prod\PS Change to Core Standard (397) 11.09.2026.docx
2026-09-10 14:45:03 - Modified file: \\clu082fs\MoveIT-Sync\SRV504GMC\SRV650FTP\uulive\prod\PS Change to Core Standard (397) 11.09.2026.docx
2026-09-10 14:45:10 - Modified file: \\clu082fs\MoveIT-Sync\SRV504GMC\SRV650FTP\uulive\prod\PS Change to Core Large Print (14) 11.09.2026.docx
2026-09-10 14:45:10 - Deleted file: \\clu082fs\MoveIT-Sync\SRV504GMC\SRV650FTP\uulive\prod\PS Change to Core Large Print (14) 11.09.2026.docx
2026-09-10 14:45:11 - Modified file: \\clu082fs\MoveIT-Sync\SRV504GMC\SRV650FTP\uulive\prod\PS Change to Core Standard (397) 11.09.2026.docx
2026-09-10 14:45:11 - Deleted file: \\clu082fs\MoveIT-Sync\SRV504GMC\SRV650FTP\uulive\prod\PS Change to Core Standard (397) 11.09.2026.docx
2026-09-11 10:15:03 - Modified file: \\clu082fs\MoveIT-Sync\SRV504GMC\SRV650FTP\uulive\prod\part 1 1000 letters we are in the area.docx
2026-09-11 10:15:03 - Modified file: \\clu082fs\MoveIT-Sync\SRV504GMC\SRV650FTP\uulive\prod\part 1 1000 letters we are in the area.docx
2026-09-11 10:15:03 - Modified file: \\clu082fs\MoveIT-Sync\SRV504GMC\SRV650FTP\uulive\prod\part 1 1000 letters we are in the area.docx
2026-09-11 10:15:03 - Modified file: \\clu082fs\MoveIT-Sync\SRV504GMC\SRV650FTP\uulive\prod\part 10 1000 letters we are in the area.docx
2026-09-11 10:15:03 - Modified file: \\clu082fs\MoveIT-Sync\SRV504GMC\SRV650FTP\uulive\prod\part 10 1000 letters we are in the area.docx
2026-09-11 10:15:03 - Modified file: \\clu082fs\MoveIT-Sync\SRV504GMC\SRV650FTP\uulive\prod\part 10 1000 letters we are in the area.docx
2026-09-11 10:15:03 - Modified file: \\clu082fs\MoveIT-Sync\SRV504GMC\SRV650FTP\uulive\prod\part 11 1000 letters we are in the area.docx
2026-09-11 10:15:03 - Modified file: \\clu082fs\MoveIT-Sync\SRV504GMC\SRV650FTP\uulive\prod\part 11 1000 letters we are in the area.docx
2026-09-11 10:15:03 - Modified file: \\clu082fs\MoveIT-Sync\SRV504GMC\SRV650FTP\uulive\prod\part 11 1000 letters we are in the area.docx
2026-09-11 10:15:03 - Modified file: \\clu082fs\MoveIT-Sync\SRV504GMC\SRV650FTP\uulive\prod\part 12 1000 letters we are in the area.docx
2026-09-11 10:15:03 - Modified file: \\clu082fs\MoveIT-Sync\SRV504GMC\SRV650FTP\uulive\prod\part 12 1000 letters we are in the area.docx
2026-09-11 10:15:03 - Modified file: \\clu082fs\MoveIT-Sync\SRV504GMC\SRV650FTP\uulive\prod\part 12 1000 letters we are in the area.docx
2026-09-11 10:15:03 - Modified file: \\clu082fs\MoveIT-Sync\SRV504GMC\SRV650FTP\uulive\prod\part 13 1000 letters we are in the area.docx
2026-09-11 10:15:03 - Modified file: \\clu082fs\MoveIT-Sync\SRV504GMC\SRV650FTP\uulive\prod\part 13 1000 letters we are in the area.docx
2026-09-11 10:15:03 - Modified file: \\clu082fs\MoveIT-Sync\SRV504GMC\SRV650FTP\uulive\prod\part 1 1000 letters we are in the area.docx
2026-09-11 10:15:03 - Modified file: \\clu082fs\MoveIT-Sync\SRV504GMC\SRV650FTP\uulive\prod\part 13 1000 letters we are in the area.docx
2026-09-11 10:15:03 - Modified file: \\clu082fs\MoveIT-Sync\SRV504GMC\SRV650FTP\uulive\prod\part 10 1000 letters we are in the area.docx
2026-09-11 10:15:03 - Modified file: \\clu082fs\MoveIT-Sync\SRV504GMC\SRV650FTP\uulive\prod\part 14 1000 letters we are in the area.docx
2026-09-11 10:15:03 - Modified file: \\clu082fs\MoveIT-Sync\SRV504GMC\SRV650FTP\uulive\prod\part 14 1000 letters we are in the area.docx
2026-09-11 10:15:03 - Modified file: \\clu082fs\MoveIT-Sync\SRV504GMC\SRV650FTP\uulive\prod\part 14 1000 letters we are in the area.docx
2026-09-11 10:15:03 - Deleted file: \\clu082fs\MoveIT-Sync\SRV504GMC\SRV650FTP\uulive\prod\part 1 1000 letters we are in the area.docx
2026-09-11 10:15:03 - Deleted file: \\clu082fs\MoveIT-Sync\SRV504GMC\SRV650FTP\uulive\prod\part 10 1000 letters we are in the area.docx
2026-09-11 10:15:03 - Modified file: \\clu082fs\MoveIT-Sync\SRV504GMC\SRV650FTP\uulive\prod\part 15 1000 letters we are in the area.docx
2026-09-11 10:15:03 - Modified file: \\clu082fs\MoveIT-Sync\SRV504GMC\SRV650FTP\uulive\prod\part 15 1000 letters we are in the area.docx
2026-09-11 10:15:03 - Modified file: \\clu082fs\MoveIT-Sync\SRV504GMC\SRV650FTP\uulive\prod\part 15 1000 letters we are in the area.docx
2026-09-11 10:15:03 - Modified file: \\clu082fs\MoveIT-Sync\SRV504GMC\SRV650FTP\uulive\prod\part 16 750 letters we are in the area.docx
2026-09-11 10:15:03 - Modified file: \\clu082fs\MoveIT-Sync\SRV504GMC\SRV650FTP\uulive\prod\part 16 750 letters we are in the area.docx
2026-09-11 10:15:03 - Modified file: \\clu082fs\MoveIT-Sync\SRV504GMC\SRV650FTP\uulive\prod\part 16 750 letters we are in the area.docx
2026-09-11 10:15:03 - Modified file: \\clu082fs\MoveIT-Sync\SRV504GMC\SRV650FTP\uulive\prod\part 2 1000 letters we are in the area.docx
2026-09-11 10:15:03 - Modified file: \\clu082fs\MoveIT-Sync\SRV504GMC\SRV650FTP\uulive\prod\part 2 1000 letters we are in the area.docx
2026-09-11 10:15:03 - Modified file: \\clu082fs\MoveIT-Sync\SRV504GMC\SRV650FTP\uulive\prod\part 2 1000 letters we are in the area.docx
2026-09-11 10:15:04 - Modified file: \\clu082fs\MoveIT-Sync\SRV504GMC\SRV650FTP\uulive\prod\part 3 1000 letters we are in the area.docx
2026-09-11 10:15:04 - Modified file: \\clu082fs\MoveIT-Sync\SRV504GMC\SRV650FTP\uulive\prod\part 3 1000 letters we are in the area.docx
2026-09-11 10:15:04 - Modified file: \\clu082fs\MoveIT-Sync\SRV504GMC\SRV650FTP\uulive\prod\part 11 1000 letters we are in the area.docx
2026-09-11 10:15:04 - Modified file: \\clu082fs\MoveIT-Sync\SRV504GMC\SRV650FTP\uulive\prod\part 4 1000 letters we are in the area.docx
2026-09-11 10:15:04 - Modified file: \\clu082fs\MoveIT-Sync\SRV504GMC\SRV650FTP\uulive\prod\part 4 1000 letters we are in the area.docx
2026-09-11 10:15:04 - Modified file: \\clu082fs\MoveIT-Sync\SRV504GMC\SRV650FTP\uulive\prod\part 4 1000 letters we are in the area.docx
2026-09-11 10:15:04 - Modified file: \\clu082fs\MoveIT-Sync\SRV504GMC\SRV650FTP\uulive\prod\part 5 1000 letters we are in the area.docx
2026-09-11 10:15:04 - Modified file: \\clu082fs\MoveIT-Sync\SRV504GMC\SRV650FTP\uulive\prod\part 5 1000 letters we are in the area.docx
2026-09-11 10:15:04 - Modified file: \\clu082fs\MoveIT-Sync\SRV504GMC\SRV650FTP\uulive\prod\part 12 1000 letters we are in the area.docx
2026-09-11 10:15:04 - Modified file: \\clu082fs\MoveIT-Sync\SRV504GMC\SRV650FTP\uulive\prod\part 5 1000 letters we are in the area.docx
2026-09-11 10:15:04 - Modified file: \\clu082fs\MoveIT-Sync\SRV504GMC\SRV650FTP\uulive\prod\part 6 1000 letters we are in the area.docx
2026-09-11 10:15:04 - Modified file: \\clu082fs\MoveIT-Sync\SRV504GMC\SRV650FTP\uulive\prod\part 6 1000 letters we are in the area.docx
2026-09-11 10:15:04 - Deleted file: \\clu082fs\MoveIT-Sync\SRV504GMC\SRV650FTP\uulive\prod\part 11 1000 letters we are in the area.docx
2026-09-11 10:15:04 - Modified file: \\clu082fs\MoveIT-Sync\SRV504GMC\SRV650FTP\uulive\prod\part 6 1000 letters we are in the area.docx
2026-09-11 10:15:04 - Modified file: \\clu082fs\MoveIT-Sync\SRV504GMC\SRV650FTP\uulive\prod\part 13 1000 letters we are in the area.docx
2026-09-11 10:15:04 - Modified file: \\clu082fs\MoveIT-Sync\SRV504GMC\SRV650FTP\uulive\prod\part 7 1000 letters we are in the area.docx
2026-09-11 10:15:04 - Modified file: \\clu082fs\MoveIT-Sync\SRV504GMC\SRV650FTP\uulive\prod\part 7 1000 letters we are in the area.docx
2026-09-11 10:15:04 - Modified file: \\clu082fs\MoveIT-Sync\SRV504GMC\SRV650FTP\uulive\prod\part 7 1000 letters we are in the area.docx
2026-09-11 10:15:04 - Modified file: \\clu082fs\MoveIT-Sync\SRV504GMC\SRV650FTP\uulive\prod\part 8 1000 letters we are in the area.docx
2026-09-11 10:15:04 - Modified file: \\clu082fs\MoveIT-Sync\SRV504GMC\SRV650FTP\uulive\prod\part 8 1000 letters we are in the area.docx
2026-09-11 10:15:04 - Deleted file: \\clu082fs\MoveIT-Sync\SRV504GMC\SRV650FTP\uulive\prod\part 12 1000 letters we are in the area.docx
2026-09-11 10:15:04 - Modified file: \\clu082fs\MoveIT-Sync\SRV504GMC\SRV650FTP\uulive\prod\part 14 1000 letters we are in the area.docx
2026-09-11 10:15:04 - Modified file: \\clu082fs\MoveIT-Sync\SRV504GMC\SRV650FTP\uulive\prod\part 8 1000 letters we are in the area.docx
2026-09-11 10:15:04 - Deleted file: \\clu082fs\MoveIT-Sync\SRV504GMC\SRV650FTP\uulive\prod\part 13 1000 letters we are in the area.docx
2026-09-11 10:15:04 - Modified file: \\clu082fs\MoveIT-Sync\SRV504GMC\SRV650FTP\uulive\prod\part 9 1000 letters we are in the area.docx
2026-09-11 10:15:04 - Modified file: \\clu082fs\MoveIT-Sync\SRV504GMC\SRV650FTP\uulive\prod\part 15 1000 letters we are in the area.docx
2026-09-11 10:15:04 - Modified file: \\clu082fs\MoveIT-Sync\SRV504GMC\SRV650FTP\uulive\prod\part 9 1000 letters we are in the area.docx
2026-09-11 10:15:04 - Deleted file: \\clu082fs\MoveIT-Sync\SRV504GMC\SRV650FTP\uulive\prod\part 14 1000 letters we are in the area.docx
2026-09-11 10:15:04 - Modified file: \\clu082fs\MoveIT-Sync\SRV504GMC\SRV650FTP\uulive\prod\part 9 1000 letters we are in the area.docx
2026-09-11 10:15:04 - Modified file: \\clu082fs\MoveIT-Sync\SRV504GMC\SRV650FTP\uulive\prod\part 16 750 letters we are in the area.docx
2026-09-11 10:15:05 - Deleted file: \\clu082fs\MoveIT-Sync\SRV504GMC\SRV650FTP\uulive\prod\part 15 1000 letters we are in the area.docx
2026-09-11 10:15:05 - Deleted file: \\clu082fs\MoveIT-Sync\SRV504GMC\SRV650FTP\uulive\prod\part 16 750 letters we are in the area.docx
2026-09-11 10:15:05 - Modified file: \\clu082fs\MoveIT-Sync\SRV504GMC\SRV650FTP\uulive\prod\part 2 1000 letters we are in the area.docx
2026-09-11 10:15:05 - Modified file: \\clu082fs\MoveIT-Sync\SRV504GMC\SRV650FTP\uulive\prod\part 3 1000 letters we are in the area.docx
2026-09-11 10:15:05 - Modified file: \\clu082fs\MoveIT-Sync\SRV504GMC\SRV650FTP\uulive\prod\part 4 1000 letters we are in the area.docx
2026-09-11 10:15:05 - Modified file: \\clu082fs\MoveIT-Sync\SRV504GMC\SRV650FTP\uulive\prod\part 5 1000 letters we are in the area.docx
2026-09-11 10:15:05 - Deleted file: \\clu082fs\MoveIT-Sync\SRV504GMC\SRV650FTP\uulive\prod\part 2 1000 letters we are in the area.docx
2026-09-11 10:15:05 - Modified file: \\clu082fs\MoveIT-Sync\SRV504GMC\SRV650FTP\uulive\prod\part 6 1000 letters we are in the area.docx
2026-09-11 10:15:05 - Deleted file: \\clu082fs\MoveIT-Sync\SRV504GMC\SRV650FTP\uulive\prod\part 3 1000 letters we are in the area.docx
2026-09-11 10:15:05 - Deleted file: \\clu082fs\MoveIT-Sync\SRV504GMC\SRV650FTP\uulive\prod\part 4 1000 letters we are in the area.docx
2026-09-11 10:15:05 - Modified file: \\clu082fs\MoveIT-Sync\SRV504GMC\SRV650FTP\uulive\prod\part 7 1000 letters we are in the area.docx
2026-09-11 10:15:05 - Deleted file: \\clu082fs\MoveIT-Sync\SRV504GMC\SRV650FTP\uulive\prod\part 5 1000 letters we are in the area.docx
2026-09-11 10:15:05 - Modified file: \\clu082fs\MoveIT-Sync\SRV504GMC\SRV650FTP\uulive\prod\part 8 1000 letters we are in the area.docx
2026-09-11 10:15:05 - Deleted file: \\clu082fs\MoveIT-Sync\SRV504GMC\SRV650FTP\uulive\prod\part 6 1000 letters we are in the area.docx
2026-09-11 10:15:05 - Deleted file: \\clu082fs\MoveIT-Sync\SRV504GMC\SRV650FTP\uulive\prod\part 7 1000 letters we are in the area.docx
2026-09-11 10:15:05 - Modified file: \\clu082fs\MoveIT-Sync\SRV504GMC\SRV650FTP\uulive\prod\part 9 1000 letters we are in the area.docx
2026-09-11 10:15:05 - Deleted file: \\clu082fs\MoveIT-Sync\SRV504GMC\SRV650FTP\uulive\prod\part 8 1000 letters we are in the area.docx
2026-09-11 10:15:05 - Deleted file: \\clu082fs\MoveIT-Sync\SRV504GMC\SRV650FTP\uulive\prod\part 9 1000 letters we are in the area.docx
2026-09-11 14:08:53 - Modified file: \\clu082fs\MoveIT-Sync\SRV504GMC\SRV650FTP\uulive\prod\part 5 1000 letters we are in the area.docx
2026-09-11 14:08:53 - Modified file: \\clu082fs\MoveIT-Sync\SRV504GMC\SRV650FTP\uulive\prod\part 5 1000 letters we are in the area.docx
2026-09-11 14:08:53 - Modified file: \\clu082fs\MoveIT-Sync\SRV504GMC\SRV650FTP\uulive\prod\part 5 1000 letters we are in the area.docx
2026-09-11 14:08:53 - Modified file: \\clu082fs\MoveIT-Sync\SRV504GMC\SRV650FTP\uulive\prod\part 8 1000 letters we are in the area.docx
2026-09-11 14:08:53 - Modified file: \\clu082fs\MoveIT-Sync\SRV504GMC\SRV650FTP\uulive\prod\part 8 1000 letters we are in the area.docx
2026-09-11 14:08:53 - Modified file: \\clu082fs\MoveIT-Sync\SRV504GMC\SRV650FTP\uulive\prod\part 8 1000 letters we are in the area.docx
2026-09-11 14:08:55 - Deleted file: \\clu082fs\MoveIT-Sync\SRV504GMC\SRV650FTP\uulive\prod\part 5 1000 letters we are in the area.docx
2026-09-11 14:08:55 - Deleted file: \\clu082fs\MoveIT-Sync\SRV504GMC\SRV650FTP\uulive\prod\part 8 1000 letters we are in the area.docx
2026-09-11 15:30:04 - Modified file: \\clu082fs\MoveIT-Sync\SRV504GMC\SRV650FTP\uulive\prod\MBA0429 Water Calc link.docx
2026-09-11 15:30:04 - Modified file: \\clu082fs\MoveIT-Sync\SRV504GMC\SRV650FTP\uulive\prod\MBA0429 Water Calc link.docx
2026-09-11 15:30:04 - Modified file: \\clu082fs\MoveIT-Sync\SRV504GMC\SRV650FTP\uulive\prod\MBA0429 Water Calc link.docx
2026-09-11 15:30:04 - Modified file: \\clu082fs\MoveIT-Sync\SRV504GMC\SRV650FTP\uulive\prod\MBA0429 Water Calc link.docx
2026-09-11 15:30:04 - Deleted file: \\clu082fs\MoveIT-Sync\SRV504GMC\SRV650FTP\uulive\prod\MBA0429 Water Calc link.docx
2026-09-18 09:45:03 - Modified file: \\clu082fs\MoveIT-Sync\SRV504GMC\SRV650FTP\uulive\prod\PS Change to Core Large Print (13) 18.09.2026.docx
2026-09-18 09:45:03 - Modified file: \\clu082fs\MoveIT-Sync\SRV504GMC\SRV650FTP\uulive\prod\PS Change to Core Large Print (13) 18.09.2026.docx
2026-09-18 09:45:03 - Modified file: \\clu082fs\MoveIT-Sync\SRV504GMC\SRV650FTP\uulive\prod\PS Change to Core Large Print (13) 18.09.2026.docx
2026-09-18 09:45:03 - Modified file: \\clu082fs\MoveIT-Sync\SRV504GMC\SRV650FTP\uulive\prod\PS Change to Core Standard (444) 18.09.2026.docx
2026-09-18 09:45:03 - Modified file: \\clu082fs\MoveIT-Sync\SRV504GMC\SRV650FTP\uulive\prod\PS Change to Core Standard (444) 18.09.2026.docx
2026-09-18 09:45:03 - Modified file: \\clu082fs\MoveIT-Sync\SRV504GMC\SRV650FTP\uulive\prod\PS Change to Core Standard (444) 18.09.2026.docx
2026-09-18 09:45:03 - Modified file: \\clu082fs\MoveIT-Sync\SRV504GMC\SRV650FTP\uulive\prod\PS Welcome Letter BRAILLE (1) 18.09.2026.docx
2026-09-18 09:45:03 - Modified file: \\clu082fs\MoveIT-Sync\SRV504GMC\SRV650FTP\uulive\prod\PS Welcome Letter BRAILLE (1) 18.09.2026.docx
2026-09-18 09:45:03 - Modified file: \\clu082fs\MoveIT-Sync\SRV504GMC\SRV650FTP\uulive\prod\PS Welcome Letter BRAILLE (1) 18.09.2026.docx
2026-09-18 09:45:03 - Modified file: \\clu082fs\MoveIT-Sync\SRV504GMC\SRV650FTP\uulive\prod\PS Welcome Letter LARGE PRINT (20) 18.09.2026.docx
2026-09-18 09:45:03 - Modified file: \\clu082fs\MoveIT-Sync\SRV504GMC\SRV650FTP\uulive\prod\PS Welcome Letter LARGE PRINT (20) 18.09.2026.docx
2026-09-18 09:45:03 - Modified file: \\clu082fs\MoveIT-Sync\SRV504GMC\SRV650FTP\uulive\prod\PS Welcome Letter LARGE PRINT (20) 18.09.2026.docx
2026-09-18 09:45:03 - Modified file: \\clu082fs\MoveIT-Sync\SRV504GMC\SRV650FTP\uulive\prod\PS Welcome Letter Standard (943) 18.09.2026.docx
2026-09-18 09:45:03 - Modified file: \\clu082fs\MoveIT-Sync\SRV504GMC\SRV650FTP\uulive\prod\PS Welcome Letter Standard (943) 18.09.2026.docx
2026-09-18 09:45:03 - Modified file: \\clu082fs\MoveIT-Sync\SRV504GMC\SRV650FTP\uulive\prod\PS Welcome Letter Standard (943) 18.09.2026.docx
2026-09-18 09:45:10 - Modified file: \\clu082fs\MoveIT-Sync\SRV504GMC\SRV650FTP\uulive\prod\PS Change to Core Large Print (13) 18.09.2026.docx
2026-09-18 09:45:10 - Modified file: \\clu082fs\MoveIT-Sync\SRV504GMC\SRV650FTP\uulive\prod\PS Change to Core Standard (444) 18.09.2026.docx
2026-09-18 09:45:10 - Modified file: \\clu082fs\MoveIT-Sync\SRV504GMC\SRV650FTP\uulive\prod\PS Welcome Letter BRAILLE (1) 18.09.2026.docx
2026-09-18 09:45:10 - Modified file: \\clu082fs\MoveIT-Sync\SRV504GMC\SRV650FTP\uulive\prod\PS Welcome Letter LARGE PRINT (20) 18.09.2026.docx
2026-09-18 09:45:10 - Modified file: \\clu082fs\MoveIT-Sync\SRV504GMC\SRV650FTP\uulive\prod\PS Welcome Letter Standard (943) 18.09.2026.docx
2026-09-18 09:45:10 - Deleted file: \\clu082fs\MoveIT-Sync\SRV504GMC\SRV650FTP\uulive\prod\PS Change to Core Large Print (13) 18.09.2026.docx
2026-09-18 09:45:11 - Deleted file: \\clu082fs\MoveIT-Sync\SRV504GMC\SRV650FTP\uulive\prod\PS Change to Core Standard (444) 18.09.2026.docx
2026-09-18 09:45:11 - Deleted file: \\clu082fs\MoveIT-Sync\SRV504GMC\SRV650FTP\uulive\prod\PS Welcome Letter LARGE PRINT (20) 18.09.2026.docx
2026-09-18 09:45:11 - Deleted file: \\clu082fs\MoveIT-Sync\SRV504GMC\SRV650FTP\uulive\prod\PS Welcome Letter BRAILLE (1) 18.09.2026.docx
2026-09-18 09:45:11 - Deleted file: \\clu082fs\MoveIT-Sync\SRV504GMC\SRV650FTP\uulive\prod\PS Welcome Letter Standard (943) 18.09.2026.docx
